factor,quintile,week,equity
rank_mom_60,4,0,1.0
rank_mom_60,4,1,1.0603044072976557
rank_mom_60,4,2,1.0130965005477115
rank_mom_60,4,3,1.0955682448270971
rank_mom_60,4,4,1.0680084401200485
rank_mom_60,4,5,1.0392268410459606
rank_mom_60,4,6,1.2112891508765913
rank_mom_60,4,7,1.2892933896196621
rank_mom_60,4,8,1.3104978163650136
rank_mom_60,4,9,1.101331215793666
rank_mom_60,4,10,1.0965236227967186
rank_mom_60,4,11,1.1550612387683408
rank_mom_60,4,12,1.1606972780806994
rank_mom_60,4,13,1.3954481091415685
rank_mom_60,4,14,1.4152855702531495
rank_mom_60,4,15,1.7441504207277458
rank_mom_60,4,16,2.0177066739505127
rank_mom_60,4,17,1.8389862278171893
rank_mom_60,4,18,1.8987561890742168
rank_mom_60,4,19,2.0537057209311858
rank_mom_60,4,20,2.2613424570581215
rank_mom_60,4,21,2.4666178091694904
rank_mom_60,4,22,2.8092922449272852
rank_mom_60,4,23,2.8088520670749593
rank_mom_60,4,24,2.96892111088366
rank_mom_60,4,25,2.820911803694973
rank_mom_60,4,26,2.9898995809457842
rank_mom_60,4,27,2.905661979210498
rank_mom_60,4,28,3.0718202493524385
rank_mom_60,4,29,2.9410433706503096
rank_mom_60,4,30,3.054018711467068
rank_mom_60,4,31,3.2175232770869893
rank_mom_60,4,32,3.2496897983818664
rank_mom_60,4,33,3.278275570045509
rank_mom_60,4,34,3.535062900138401
rank_mom_60,4,35,3.4908157991426347
rank_mom_60,4,36,3.8726687283884322
rank_mom_60,4,37,3.4054073870675055
rank_mom_60,4,38,3.6957829471433055
rank_mom_60,4,39,3.765491719017927
rank_mom_60,4,40,3.884617343361985
rank_mom_60,4,41,3.9641950390006135
rank_mom_60,4,42,4.48693922805262
rank_mom_60,4,43,4.79678856577382
rank_mom_60,4,44,4.081875345094744
rank_mom_60,4,45,3.7961330311356
rank_mom_60,4,46,3.63694178755286
rank_mom_60,4,47,3.9877365925615074
rank_mom_60,4,48,4.207819162703022
rank_mom_60,4,49,4.326959149114898
rank_mom_60,4,50,4.772513513119932
rank_mom_60,4,51,4.359447454564441
rank_mom_60,4,52,4.635439225378556
rank_mom_60,4,53,5.033628765739632
rank_mom_60,4,54,4.930725964348222
rank_mom_60,4,55,4.88737517953459
rank_mom_60,4,56,4.857633981116005
rank_mom_60,4,57,5.304132893342223
rank_mom_60,4,58,5.292741145864656
rank_mom_60,4,59,5.818008997284809
rank_mom_60,4,60,5.904211103478358
rank_mom_60,4,61,5.99343741574965
rank_mom_60,4,62,4.941173171888176
rank_mom_60,4,63,6.048984703499107
rank_mom_60,4,64,6.3986832311333846
rank_mom_60,4,65,6.737533946689779
rank_mom_60,4,66,7.203506014226252
rank_mom_60,4,67,8.922764472286893
rank_mom_60,4,68,8.264436648479908
rank_mom_60,4,69,9.476200922125741
rank_mom_60,4,70,9.19721288929102
rank_mom_60,4,71,9.559840317894126
rank_mom_60,4,72,10.059893181880277
rank_mom_60,4,73,11.081682766646066
rank_mom_60,4,74,11.485234328641551
rank_mom_60,4,75,11.571527687385162
rank_mom_60,4,76,12.216369953832759
rank_mom_60,4,77,12.057869388546784
rank_mom_60,4,78,12.581485984385775
rank_mom_60,4,79,14.023393134309698
rank_mom_60,4,80,13.860946093575818
rank_mom_60,4,81,13.234920913413903
rank_mom_60,4,82,15.531207804363236
rank_mom_60,4,83,15.82614454058973
rank_mom_60,4,84,16.44666419819162
rank_mom_60,4,85,15.51942381884601
rank_mom_60,4,86,16.839766239792386
rank_mom_60,4,87,17.082997406868685
rank_mom_60,4,88,16.999459697618644
rank_mom_60,4,89,18.31393798000152
rank_mom_60,4,90,16.802552194604402
rank_mom_60,4,91,17.75672123370098
rank_mom_60,4,92,17.61278070387908
rank_mom_60,4,93,16.269665085491855
rank_mom_60,4,94,16.866366389748208
rank_mom_60,4,95,17.977520942404823
rank_mom_60,4,96,17.26005077788815
rank_mom_60,4,97,17.596573659636654
rank_mom_60,4,98,20.396331744694855
rank_mom_60,4,99,21.69712900275232
rank_mom_60,4,100,26.106036492743772
rank_mom_60,4,101,27.900050191347784
rank_mom_60,4,102,33.378428117074655
rank_mom_60,4,103,32.92171628387503
rank_mom_60,4,104,34.71919938309975
rank_mom_60,4,105,34.681760616255346
rank_mom_60,4,106,32.87843877153202
rank_mom_60,4,107,31.022214241201173
rank_mom_60,4,108,31.77124818456936
rank_mom_60,4,109,33.87539745072801
rank_mom_60,4,110,38.862738789207505
rank_mom_60,4,111,41.39691282310813
rank_mom_60,4,112,45.753616291749466
rank_mom_60,4,113,42.83172291568612
rank_mom_60,4,114,45.288099877528715
rank_mom_60,4,115,51.617218646485554
rank_mom_60,4,116,49.766257456142284
rank_mom_60,4,117,43.13319594703027
rank_mom_60,4,118,45.4662887594615
rank_mom_60,4,119,46.2876237447874
rank_mom_60,4,120,44.86768161280626
rank_mom_60,4,121,46.48303168458082
rank_mom_60,4,122,44.93136526650487
rank_mom_60,4,123,43.76151585195365
rank_mom_60,4,124,41.29441106727488
rank_mom_60,4,125,37.850226813415176
rank_mom_60,4,126,34.20528070811832
rank_mom_60,4,127,32.204210464461006
rank_mom_60,4,128,37.22946502924777
rank_mom_60,4,129,42.51111439415396
rank_mom_60,4,130,42.58481947760135
rank_mom_60,4,131,44.77004665225122
rank_mom_60,4,132,45.947380156046876
rank_mom_60,4,133,47.61853916986386
rank_mom_60,4,134,47.29688582815547
rank_mom_60,4,135,49.64097413670103
rank_mom_60,4,136,49.62503464507732
rank_mom_60,4,137,48.07699712529015
rank_mom_60,4,138,50.446449721003816
rank_mom_60,4,139,63.595337171019345
rank_mom_60,4,140,65.44674506624291
rank_mom_60,4,141,66.79327446123132
rank_mom_120,4,0,1.0
rank_mom_120,4,1,1.0566729111787598
rank_mom_120,4,2,1.0300915464770921
rank_mom_120,4,3,0.9955022137860379
rank_mom_120,4,4,1.0687563818550925
rank_mom_120,4,5,1.1664322526898618
rank_mom_120,4,6,1.1737112533149474
rank_mom_120,4,7,1.0394570768194658
rank_mom_120,4,8,1.039824771980089
rank_mom_120,4,9,1.109148608494298
rank_mom_120,4,10,1.1735417143926017
rank_mom_120,4,11,1.4264957773857376
rank_mom_120,4,12,1.4629547881287277
rank_mom_120,4,13,1.7821437860377836
rank_mom_120,4,14,2.0616589993009358
rank_mom_120,4,15,1.960778823649229
rank_mom_120,4,16,2.106543009443189
rank_mom_120,4,17,2.2677594416883418
rank_mom_120,4,18,2.855248568241684
rank_mom_120,4,19,3.1144362703882185
rank_mom_120,4,20,3.547108769423743
rank_mom_120,4,21,3.546552985765809
rank_mom_120,4,22,3.7598332065056272
rank_mom_120,4,23,3.4722388600467573
rank_mom_120,4,24,4.0032054891301705
rank_mom_120,4,25,3.8435890114282576
rank_mom_120,4,26,4.1067273744710135
rank_mom_120,4,27,3.9670279964511193
rank_mom_120,4,28,3.999479833577601
rank_mom_120,4,29,4.295366864698075
rank_mom_120,4,30,4.564107917265649
rank_mom_120,4,31,4.623856137321952
rank_mom_120,4,32,5.092928263675143
rank_mom_120,4,33,4.820078271959833
rank_mom_120,4,34,5.3569147190522175
rank_mom_120,4,35,4.895051006048719
rank_mom_120,4,36,5.181275278355819
rank_mom_120,4,37,5.379918405341239
rank_mom_120,4,38,5.5210903578498165
rank_mom_120,4,39,5.98446273073124
rank_mom_120,4,40,7.117855875200763
rank_mom_120,4,41,7.609385360409124
rank_mom_120,4,42,6.118663141288079
rank_mom_120,4,43,5.95770423488758
rank_mom_120,4,44,5.388343255181949
rank_mom_120,4,45,6.087717392644196
rank_mom_120,4,46,6.512632153296745
rank_mom_120,4,47,6.681018917871422
rank_mom_120,4,48,6.812131072453372
rank_mom_120,4,49,6.544573787648256
rank_mom_120,4,50,6.837432560996681
rank_mom_120,4,51,7.548583233860706
rank_mom_120,4,52,7.3429946435960485
rank_mom_120,4,53,7.278435269787032
rank_mom_120,4,54,6.9693752860992815
rank_mom_120,4,55,7.15954935641239
rank_mom_120,4,56,7.277224327233007
rank_mom_120,4,57,7.758376790484713
rank_mom_120,4,58,8.291200552767295
rank_mom_120,4,59,8.81133058477244
rank_mom_120,4,60,6.967329276876071
rank_mom_120,4,61,9.424632328911276
rank_mom_120,4,62,9.872240077114169
rank_mom_120,4,63,10.317910884156902
rank_mom_120,4,64,11.782477291848188
rank_mom_120,4,65,13.984164959923213
rank_mom_120,4,66,13.143450287807415
rank_mom_120,4,67,15.07059477068448
rank_mom_120,4,68,14.626902659966829
rank_mom_120,4,69,15.833257246664164
rank_mom_120,4,70,16.306331509484007
rank_mom_120,4,71,16.394793647456616
rank_mom_120,4,72,16.116839374615406
rank_mom_120,4,73,16.23793191501735
rank_mom_120,4,74,17.383811791913974
rank_mom_120,4,75,18.03255327794112
rank_mom_120,4,76,17.84373897606494
rank_mom_120,4,77,19.2514025756007
rank_mom_120,4,78,20.453346923768038
rank_mom_120,4,79,19.443393247427096
rank_mom_120,4,80,25.255717783577367
rank_mom_120,4,81,25.25691379287498
rank_mom_120,4,82,26.46336671919265
rank_mom_120,4,83,24.971398384473183
rank_mom_120,4,84,27.518221136835955
rank_mom_120,4,85,27.915690374096506
rank_mom_120,4,86,25.35892378375217
rank_mom_120,4,87,27.31979519797802
rank_mom_120,4,88,24.420758553180722
rank_mom_120,4,89,26.304867886290662
rank_mom_120,4,90,26.58314851835345
rank_mom_120,4,91,25.0938501613573
rank_mom_120,4,92,28.60440698901274
rank_mom_120,4,93,30.051717711797007
rank_mom_120,4,94,29.084572981977328
rank_mom_120,4,95,29.7882184616233
rank_mom_120,4,96,29.832851353396713
rank_mom_120,4,97,29.354583795447322
rank_mom_120,4,98,34.01085012640848
rank_mom_120,4,99,36.34808469837823
rank_mom_120,4,100,47.978547902254206
rank_mom_120,4,101,49.6673261733832
rank_mom_120,4,102,52.10241165523315
rank_mom_120,4,103,52.04622804280397
rank_mom_120,4,104,50.52120782159895
rank_mom_120,4,105,50.298462492542
rank_mom_120,4,106,55.82828275169909
rank_mom_120,4,107,56.345562053510754
rank_mom_120,4,108,62.7342728167466
rank_mom_120,4,109,68.03853000866944
rank_mom_120,4,110,75.19905671163076
rank_mom_120,4,111,70.39673410852
rank_mom_120,4,112,76.90612372184997
rank_mom_120,4,113,97.19424124899285
rank_mom_120,4,114,92.44849638968505
rank_mom_120,4,115,81.07812552048783
rank_mom_120,4,116,86.22165929456963
rank_mom_120,4,117,87.77922792846749
rank_mom_120,4,118,90.09167962109689
rank_mom_120,4,119,93.33520805651068
rank_mom_120,4,120,86.26023329267761
rank_mom_120,4,121,90.25273692677543
rank_mom_120,4,122,90.75396356014612
rank_mom_120,4,123,81.92567080143755
rank_mom_120,4,124,72.29319066282879
rank_mom_120,4,125,75.5641219287894
rank_mom_120,4,126,84.28761611627918
rank_mom_120,4,127,89.37061180888301
rank_mom_120,4,128,89.52556113201871
rank_mom_120,4,129,94.11953831476488
rank_mom_120,4,130,96.59463258215447
rank_mom_120,4,131,96.6767887236412
rank_mom_120,4,132,93.7440878505348
rank_mom_120,4,133,95.84327110289236
rank_mom_120,4,134,97.36487840249927
rank_mom_120,4,135,94.01666805308969
rank_mom_120,4,136,99.33340763562556
rank_mom_120,4,137,104.08933649104392
rank_mom_120,4,138,102.33491591255033
rank_mom_120,4,139,99.8348945584968
rank_mom_252_skip_20,4,0,1.0
rank_mom_252_skip_20,4,1,0.9919439408349554
rank_mom_252_skip_20,4,2,1.0546511626642003
rank_mom_252_skip_20,4,3,1.0527201583661392
rank_mom_252_skip_20,4,4,1.1844093206094732
rank_mom_252_skip_20,4,5,1.1788982579314327
rank_mom_252_skip_20,4,6,1.452834633365569
rank_mom_252_skip_20,4,7,1.6807003003015257
rank_mom_252_skip_20,4,8,1.5984610252469291
rank_mom_252_skip_20,4,9,1.7172905265952052
rank_mom_252_skip_20,4,10,1.8907722240461622
rank_mom_252_skip_20,4,11,2.314230169886241
rank_mom_252_skip_20,4,12,2.5091574493224087
rank_mom_252_skip_20,4,13,2.8577416969418348
rank_mom_252_skip_20,4,14,2.8572939277199128
rank_mom_252_skip_20,4,15,3.0291239502991623
rank_mom_252_skip_20,4,16,2.7974224691478615
rank_mom_252_skip_20,4,17,3.2251977572067125
rank_mom_252_skip_20,4,18,3.509110508005878
rank_mom_252_skip_20,4,19,3.745730063899817
rank_mom_252_skip_20,4,20,3.5913694946063517
rank_mom_252_skip_20,4,21,3.7643737414007212
rank_mom_252_skip_20,4,22,4.013384226709427
rank_mom_252_skip_20,4,23,3.848869926900253
rank_mom_252_skip_20,4,24,3.7173032592115782
rank_mom_252_skip_20,4,25,3.952745298590804
rank_mom_252_skip_20,4,26,3.9100858824305993
rank_mom_252_skip_20,4,27,4.094319625362147
rank_mom_252_skip_20,4,28,3.8049609342841713
rank_mom_252_skip_20,4,29,4.129406011415086
rank_mom_252_skip_20,4,30,4.287721885139554
rank_mom_252_skip_20,4,31,4.238236526030432
rank_mom_252_skip_20,4,32,4.418654243821542
rank_mom_252_skip_20,4,33,4.791648256015752
rank_mom_252_skip_20,4,34,5.135504396539359
rank_mom_252_skip_20,4,35,3.6499680491098156
rank_mom_252_skip_20,4,36,3.677082069371636
rank_mom_252_skip_20,4,37,3.1762998338605946
rank_mom_252_skip_20,4,38,3.7211635632939757
rank_mom_252_skip_20,4,39,3.984041605600779
rank_mom_252_skip_20,4,40,4.1587104919322115
rank_mom_252_skip_20,4,41,4.276444840380901
rank_mom_252_skip_20,4,42,4.110586606342158
rank_mom_252_skip_20,4,43,4.176970653776216
rank_mom_252_skip_20,4,44,4.396907153444968
rank_mom_252_skip_20,4,45,4.4702959992661775
rank_mom_252_skip_20,4,46,4.5258102281398855
rank_mom_252_skip_20,4,47,4.3691652428343035
rank_mom_252_skip_20,4,48,4.488387110504084
rank_mom_252_skip_20,4,49,4.643927703924643
rank_mom_252_skip_20,4,50,5.015861204284318
rank_mom_252_skip_20,4,51,5.360336615846153
rank_mom_252_skip_20,4,52,5.696605415257579
rank_mom_252_skip_20,4,53,4.5044417873875435
rank_mom_252_skip_20,4,54,5.982628358829346
rank_mom_252_skip_20,4,55,6.716147911890557
rank_mom_252_skip_20,4,56,7.05550372803305
rank_mom_252_skip_20,4,57,7.8009006220998725
rank_mom_252_skip_20,4,58,10.025138188819774
rank_mom_252_skip_20,4,59,9.285476458679037
rank_mom_252_skip_20,4,60,10.646949613473714
rank_mom_252_skip_20,4,61,10.333493667070341
rank_mom_252_skip_20,4,62,11.126542665577587
rank_mom_252_skip_20,4,63,11.255456211134979
rank_mom_252_skip_20,4,64,10.6802342190105
rank_mom_252_skip_20,4,65,9.964675745072043
rank_mom_252_skip_20,4,66,10.528590248181185
rank_mom_252_skip_20,4,67,10.235038573303537
rank_mom_252_skip_20,4,68,9.865067216531525
rank_mom_252_skip_20,4,69,9.774433650711522
rank_mom_252_skip_20,4,70,10.79698911362089
rank_mom_252_skip_20,4,71,11.357556280394327
rank_mom_252_skip_20,4,72,11.606992929855945
rank_mom_252_skip_20,4,73,12.292805420775593
rank_mom_252_skip_20,4,74,11.747841092953818
rank_mom_252_skip_20,4,75,12.387088906197583
rank_mom_252_skip_20,4,76,12.052694205695433
rank_mom_252_skip_20,4,77,10.911607672245864
rank_mom_252_skip_20,4,78,11.93414012078579
rank_mom_252_skip_20,4,79,10.41399017093844
rank_mom_252_skip_20,4,80,10.865713958706095
rank_mom_252_skip_20,4,81,9.712700083239493
rank_mom_252_skip_20,4,82,10.462053910094546
rank_mom_252_skip_20,4,83,10.572732549020287
rank_mom_252_skip_20,4,84,9.56304838700106
rank_mom_252_skip_20,4,85,11.341149967902854
rank_mom_252_skip_20,4,86,11.914983502139558
rank_mom_252_skip_20,4,87,11.500897025207273
rank_mom_252_skip_20,4,88,11.764279709426992
rank_mom_252_skip_20,4,89,11.637107279086326
rank_mom_252_skip_20,4,90,10.759147300528008
rank_mom_252_skip_20,4,91,11.605777050299382
rank_mom_252_skip_20,4,92,11.668021497090889
rank_mom_252_skip_20,4,93,13.404894454595345
rank_mom_252_skip_20,4,94,13.819641672670787
rank_mom_252_skip_20,4,95,14.4355827301811
rank_mom_252_skip_20,4,96,14.42001640302779
rank_mom_252_skip_20,4,97,13.987059786308803
rank_mom_252_skip_20,4,98,13.686922623058374
rank_mom_252_skip_20,4,99,15.540240844802469
rank_mom_252_skip_20,4,100,16.77041275890963
rank_mom_252_skip_20,4,101,20.58176257028548
rank_mom_252_skip_20,4,102,23.497759295777772
rank_mom_252_skip_20,4,103,25.300748175567055
rank_mom_252_skip_20,4,104,24.92075057576476
rank_mom_252_skip_20,4,105,26.687354765409655
rank_mom_252_skip_20,4,106,33.72757684092897
rank_mom_252_skip_20,4,107,32.64921775421738
rank_mom_252_skip_20,4,108,30.43480929826174
rank_mom_252_skip_20,4,109,30.232409328375656
rank_mom_252_skip_20,4,110,36.638539620682664
rank_mom_252_skip_20,4,111,36.27282262926744
rank_mom_252_skip_20,4,112,36.684816856802776
rank_mom_252_skip_20,4,113,42.45837707303212
rank_mom_252_skip_20,4,114,44.910651628561986
rank_mom_252_skip_20,4,115,44.84108440884887
rank_mom_252_skip_20,4,116,40.2093152356939
rank_mom_252_skip_20,4,117,36.99027624605986
rank_mom_252_skip_20,4,118,42.795545419003226
rank_mom_252_skip_20,4,119,46.07083962976503
rank_mom_252_skip_20,4,120,49.430191036118075
rank_mom_252_skip_20,4,121,50.35362130334559
rank_mom_252_skip_20,4,122,54.32099029732221
rank_mom_252_skip_20,4,123,55.155351522016915
rank_mom_252_skip_20,4,124,57.01190878478784
rank_mom_252_skip_20,4,125,55.28244634734009
rank_mom_252_skip_20,4,126,56.520369593302206
rank_mom_252_skip_20,4,127,57.908670420685446
rank_mom_252_skip_20,4,128,56.42944898729971
rank_mom_252_skip_20,4,129,59.84454708409215
rank_mom_252_skip_20,4,130,85.33050929909619
rank_mom_252_skip_20,4,131,84.30342693904794
rank_mom_252_skip_20,4,132,83.70874054626408
rank_trend,4,0,1.0
rank_trend,4,1,1.0209215963266451
rank_trend,4,2,1.0254418218004366
rank_trend,4,3,1.0128621392667492
rank_trend,4,4,0.999508693003508
rank_trend,4,5,0.9835939905554109
rank_trend,4,6,0.9602701428934648
rank_trend,4,7,0.9042324133625689
rank_trend,4,8,0.8827894088866918
rank_trend,4,9,0.899788088423664
rank_trend,4,10,0.9594703016876626
rank_trend,4,11,0.9715966685356461
rank_trend,4,12,0.8708785272783268
rank_trend,4,13,0.8801945665163604
rank_trend,4,14,0.9311154753500275
rank_trend,4,15,0.9447843237440487
rank_trend,4,16,0.9796536790932716
rank_trend,4,17,0.9944188052435827
rank_trend,4,18,1.0282721917111515
rank_trend,4,19,1.0050224696761239
rank_trend,4,20,1.0040683143207638
rank_trend,4,21,1.0132600561698168
rank_trend,4,22,1.0982602186086763
rank_trend,4,23,1.146485671891914
rank_trend,4,24,1.2260038638524715
rank_trend,4,25,1.2605086695789076
rank_trend,4,26,1.2259707282383145
rank_trend,4,27,1.2474410346608302
rank_trend,4,28,1.2850979886971088
rank_trend,4,29,1.4965812835591854
rank_trend,4,30,1.501160813462245
rank_trend,4,31,1.6388760199277863
rank_trend,4,32,1.640443121312403
rank_trend,4,33,1.6799184613349873
rank_trend,4,34,1.8442247275894206
rank_trend,4,35,1.959609259359413
rank_trend,4,36,1.9852622823323491
rank_trend,4,37,2.1213216102808894
rank_trend,4,38,1.988793431432867
rank_trend,4,39,2.141939637668401
rank_trend,4,40,1.9418985842642622
rank_trend,4,41,2.038681263821992
rank_trend,4,42,2.11981199660596
rank_trend,4,43,2.106232775221872
rank_trend,4,44,2.1413845693441935
rank_trend,4,45,2.2332717652037215
rank_trend,4,46,2.3099934917106255
rank_trend,4,47,2.2652480094495977
rank_trend,4,48,2.2618645043389356
rank_trend,4,49,2.06256074727385
rank_trend,4,50,2.2876217938311196
rank_trend,4,51,2.3838855571304163
rank_trend,4,52,2.3536478203450835
rank_trend,4,53,2.4084131289808943
rank_trend,4,54,2.3843046532485768
rank_trend,4,55,2.5599439846217362
rank_trend,4,56,2.683019624820686
rank_trend,4,57,2.5337236606381954
rank_trend,4,58,2.549049678435007
rank_trend,4,59,2.582955513148025
rank_trend,4,60,2.7966270281678423
rank_trend,4,61,2.7996295109046554
rank_trend,4,62,2.935458360860612
rank_trend,4,63,2.916436187880257
rank_trend,4,64,3.126838673065069
rank_trend,4,65,2.5487820515701705
rank_trend,4,66,3.1792370275939055
rank_trend,4,67,3.4055189808442297
rank_trend,4,68,3.435733458122452
rank_trend,4,69,3.749863560825431
rank_trend,4,70,4.1692205191328515
rank_trend,4,71,4.111784282303833
rank_trend,4,72,4.622712577807356
rank_trend,4,73,4.742041210475207
rank_trend,4,74,4.645702283413873
rank_trend,4,75,4.606019464757218
rank_trend,4,76,4.857899161792262
rank_trend,4,77,4.7259415567508665
rank_trend,4,78,4.8949878751743015
rank_trend,4,79,4.8662784702169875
rank_trend,4,80,5.277254985879007
rank_trend,4,81,5.271902370897246
rank_trend,4,82,5.548309343428553
rank_trend,4,83,5.737137620523734
rank_trend,4,84,5.4382171664701255
rank_trend,4,85,5.766765188327593
rank_trend,4,86,5.592479320030219
rank_trend,4,87,5.890328922762765
rank_trend,4,88,6.281985898007244
rank_trend,4,89,6.223916430250926
rank_trend,4,90,6.5102262748143085
rank_trend,4,91,5.938434238038946
rank_trend,4,92,5.902651223702683
rank_trend,4,93,5.2762921285862525
rank_trend,4,94,5.575917717128845
rank_trend,4,95,5.530717900119634
rank_trend,4,96,5.220864119030818
rank_trend,4,97,6.10958508541386
rank_trend,4,98,6.418714654479173
rank_trend,4,99,6.212143232844298
rank_trend,4,100,6.263727763821626
rank_trend,4,101,6.436236484605064
rank_trend,4,102,6.333053484448214
rank_trend,4,103,7.337611543158822
rank_trend,4,104,7.414103486153513
rank_trend,4,105,8.651943909344135
rank_trend,4,106,9.039672111080302
rank_trend,4,107,9.25322160772356
rank_trend,4,108,9.3629493853054
rank_trend,4,109,8.970875697584834
rank_trend,4,110,8.823009254297135
rank_trend,4,111,9.254333457907993
rank_trend,4,112,9.171937888295577
rank_trend,4,113,10.54946801007909
rank_trend,4,114,11.620006003324777
rank_trend,4,115,12.664269097876394
rank_trend,4,116,12.43691051385173
rank_trend,4,117,13.15016084288613
rank_trend,4,118,14.725562513659675
rank_trend,4,119,14.535061431588165
rank_trend,4,120,13.074181123394968
rank_trend,4,121,13.127285362896771
rank_trend,4,122,14.092296585651404
rank_trend,4,123,13.659994297491842
rank_trend,4,124,14.530320083796358
rank_trend,4,125,13.585701532463085
rank_trend,4,126,13.461630528470007
rank_trend,4,127,13.341412165336504
rank_trend,4,128,11.98718128879211
rank_trend,4,129,11.23982498486367
rank_trend,4,130,11.748374886034641
rank_trend,4,131,12.03355212017176
rank_trend,4,132,12.759239906965664
rank_trend,4,133,13.045929440301842
rank_trend,4,134,13.448349318115381
rank_trend,4,135,13.866921303227661
rank_trend,4,136,14.276984186500218
rank_trend,4,137,14.224189952917737
rank_trend,4,138,14.914570694502261
rank_trend,4,139,16.438231060856296
rank_trend,4,140,15.925445556057445
rank_trend,4,141,16.71917814470448
rank_trend,4,142,17.44288849543917
rank_trend,4,143,18.247950963732375
rank_trend,4,144,18.636929286186618
near_52w_high_score,4,0,1.0
near_52w_high_score,4,1,1.0209215963266451
near_52w_high_score,4,2,1.0254418218004366
near_52w_high_score,4,3,1.0128621392667492
near_52w_high_score,4,4,0.999508693003508
near_52w_high_score,4,5,0.9835939905554109
near_52w_high_score,4,6,0.9602701428934648
near_52w_high_score,4,7,0.9042324133625689
near_52w_high_score,4,8,0.8827894088866918
near_52w_high_score,4,9,0.899788088423664
near_52w_high_score,4,10,0.8937710571067402
near_52w_high_score,4,11,0.9017761348207216
near_52w_high_score,4,12,0.8900243944499298
near_52w_high_score,4,13,0.8995452425611069
near_52w_high_score,4,14,0.9367610307008419
near_52w_high_score,4,15,0.9563145771910574
near_52w_high_score,4,16,1.062164831339421
near_52w_high_score,4,17,1.07817354754377
near_52w_high_score,4,18,1.114878229305262
near_52w_high_score,4,19,1.0896703036770132
near_52w_high_score,4,20,1.0886357847610677
near_52w_high_score,4,21,1.0834458476155981
near_52w_high_score,4,22,1.1893678767211229
near_52w_high_score,4,23,1.2581981369864108
near_52w_high_score,4,24,1.3289121826900783
near_52w_high_score,4,25,1.3405170109167974
near_52w_high_score,4,26,1.303786840782721
near_52w_high_score,4,27,1.3267904125934695
near_52w_high_score,4,28,1.4004016262156747
near_52w_high_score,4,29,1.4609841059724735
near_52w_high_score,4,30,1.4654547087220173
near_52w_high_score,4,31,1.5450411559502077
near_52w_high_score,4,32,1.5465185319721513
near_52w_high_score,4,33,1.5837336868944305
near_52w_high_score,4,34,1.7386324958688872
near_52w_high_score,4,35,1.8474106146386877
near_52w_high_score,4,36,1.8715948578552484
near_52w_high_score,4,37,1.9846299372621259
near_52w_high_score,4,38,1.860641481198744
near_52w_high_score,4,39,1.7824442532215659
near_52w_high_score,4,40,1.6768522261035936
near_52w_high_score,4,41,1.729368900262459
near_52w_high_score,4,42,1.7773817837405883
near_52w_high_score,4,43,1.7659961227649443
near_52w_high_score,4,44,1.7390970718047554
near_52w_high_score,4,45,1.8137220390074444
near_52w_high_score,4,46,1.859775552623972
near_52w_high_score,4,47,1.7535594340117144
near_52w_high_score,4,48,1.7347562063751067
near_52w_high_score,4,49,1.5818984959069091
near_52w_high_score,4,50,1.7545109784758455
near_52w_high_score,4,51,1.903690355726057
near_52w_high_score,4,52,1.986606734561732
near_52w_high_score,4,53,1.9851734498466576
near_52w_high_score,4,54,1.965301649047963
near_52w_high_score,4,55,2.0571201226569906
near_52w_high_score,4,56,2.1560212617377985
near_52w_high_score,4,57,2.0531107606081895
near_52w_high_score,4,58,2.1054047621761005
near_52w_high_score,4,59,2.1237611112618904
near_52w_high_score,4,60,2.181712402205704
near_52w_high_score,4,61,2.201476728769633
near_52w_high_score,4,62,2.2897658610987293
near_52w_high_score,4,63,2.2749278641184003
near_52w_high_score,4,64,2.3965723835910846
near_52w_high_score,4,65,1.9535196136607924
near_52w_high_score,4,66,2.4367332177560046
near_52w_high_score,4,67,2.3493897655735823
near_52w_high_score,4,68,2.454604750928292
near_52w_high_score,4,69,2.6622728002559772
near_52w_high_score,4,70,2.9600016657441315
near_52w_high_score,4,71,2.9192239338137203
near_52w_high_score,4,72,3.0051180692008357
near_52w_high_score,4,73,3.082690841500099
near_52w_high_score,4,74,2.996412699695493
near_52w_high_score,4,75,3.16950956938717
near_52w_high_score,4,76,3.079822521637806
near_52w_high_score,4,77,2.961286620623941
near_52w_high_score,4,78,3.15881690058675
near_52w_high_score,4,79,3.14312161893619
near_52w_high_score,4,80,3.082809683129052
near_52w_high_score,4,81,3.0796828504594185
near_52w_high_score,4,82,3.189831292741448
near_52w_high_score,4,83,3.297120508669686
near_52w_high_score,4,84,3.1424865584064254
near_52w_high_score,4,85,3.3323388042571125
near_52w_high_score,4,86,3.2316273060437766
near_52w_high_score,4,87,3.403740398324212
near_52w_high_score,4,88,3.4725667611214583
near_52w_high_score,4,89,3.4404670227838454
near_52w_high_score,4,90,3.4901606347570215
near_52w_high_score,4,91,3.4603399674757287
near_52w_high_score,4,92,3.4711528833024854
near_52w_high_score,4,93,3.043234537959486
near_52w_high_score,4,94,3.247090535035173
near_52w_high_score,4,95,3.2207687875773385
near_52w_high_score,4,96,3.040327947009047
near_52w_high_score,4,97,3.4178983021189486
near_52w_high_score,4,98,3.5117983799133636
near_52w_high_score,4,99,3.3897513608324137
near_52w_high_score,4,100,3.3235555520522344
near_52w_high_score,4,101,3.340402581886622
near_52w_high_score,4,102,3.2319711632530974
near_52w_high_score,4,103,3.4982016914903586
near_52w_high_score,4,104,3.444080184133757
near_52w_high_score,4,105,4.019095313150031
near_52w_high_score,4,106,4.199207044652466
near_52w_high_score,4,107,4.298407385070476
near_52w_high_score,4,108,4.589347767972578
near_52w_high_score,4,109,4.478680510352849
near_52w_high_score,4,110,4.256338080103523
near_52w_high_score,4,111,4.396098542043334
near_52w_high_score,4,112,4.3569580631432085
near_52w_high_score,4,113,5.011328060457119
near_52w_high_score,4,114,5.519867171643764
near_52w_high_score,4,115,6.015924882158313
near_52w_high_score,4,116,6.020941340850835
near_52w_high_score,4,117,6.1354750789160235
near_52w_high_score,4,118,6.870510779680299
near_52w_high_score,4,119,6.781628624129436
near_52w_high_score,4,120,6.3968127270117074
near_52w_high_score,4,121,6.7466859967393225
near_52w_high_score,4,122,7.242647463506605
near_52w_high_score,4,123,7.02046841328743
near_52w_high_score,4,124,7.718716899219065
near_52w_high_score,4,125,7.299503584496939
near_52w_high_score,4,126,8.25120763032891
near_52w_high_score,4,127,8.17752066699301
near_52w_high_score,4,128,7.816296556080514
near_52w_high_score,4,129,7.3289794492621905
near_52w_high_score,4,130,6.594918258984536
near_52w_high_score,4,131,6.887123358539327
near_52w_high_score,4,132,7.657943912077317
near_52w_high_score,4,133,7.830011557366243
near_52w_high_score,4,134,8.61258028163155
near_52w_high_score,4,135,8.886673463397088
near_52w_high_score,4,136,9.068066952132218
near_52w_high_score,4,137,9.3422386122296
near_52w_high_score,4,138,9.549850066014388
near_52w_high_score,4,139,10.52545495255485
near_52w_high_score,4,140,10.19711665927366
near_52w_high_score,4,141,10.705346320680057
near_52w_high_score,4,142,10.662934126842826
near_52w_high_score,4,143,10.614546250261608
near_52w_high_score,4,144,11.465447764538176
above_sma200,4,0,1.0
above_sma200,4,1,1.0209215963266451
above_sma200,4,2,1.0254418218004366
above_sma200,4,3,1.0128621392667492
above_sma200,4,4,0.999508693003508
above_sma200,4,5,0.9835939905554109
above_sma200,4,6,0.9602701428934648
above_sma200,4,7,0.9042324133625689
above_sma200,4,8,0.8827894088866918
above_sma200,4,9,0.899788088423664
above_sma200,4,10,0.9367349882253516
above_sma200,4,11,0.9485740124104483
above_sma200,4,12,0.8752281557196361
above_sma200,4,13,0.8677284606631392
above_sma200,4,14,0.90362793189253
above_sma200,4,15,0.9168932609871826
above_sma200,4,16,0.9507332349697856
above_sma200,4,17,0.9650624785067619
above_sma200,4,18,0.9979164761161861
above_sma200,4,19,0.9753531112105708
above_sma200,4,20,0.9503265575989981
above_sma200,4,21,0.9294894985105076
above_sma200,4,22,1.0624376794363726
above_sma200,4,23,1.127867320728455
above_sma200,4,24,1.105996436215725
above_sma200,4,25,1.1371237379240877
above_sma200,4,26,1.1059665440822253
above_sma200,4,27,1.1604638600998232
above_sma200,4,28,1.189851817799892
above_sma200,4,29,1.3856608417336003
above_sma200,4,30,1.3899009557387187
above_sma200,4,31,1.4890786575452344
above_sma200,4,32,1.49050252194844
above_sma200,4,33,1.5263697172775665
above_sma200,4,34,1.6756579803343425
above_sma200,4,35,1.7257383635238457
above_sma200,4,36,1.8072985731416338
above_sma200,4,37,1.931161214089567
above_sma200,4,38,1.8105131815023077
above_sma200,4,39,1.7896561943611227
above_sma200,4,40,1.7212003774340763
above_sma200,4,41,1.8346192317976178
above_sma200,4,42,1.8955866191434296
above_sma200,4,43,1.8770999760371578
above_sma200,4,44,1.8717513623331146
above_sma200,4,45,1.9786225585621544
above_sma200,4,46,2.014652717234127
above_sma200,4,47,1.9756281019074515
above_sma200,4,48,1.9521373254823344
above_sma200,4,49,1.7557187758978734
above_sma200,4,50,1.8863775156864044
above_sma200,4,51,1.9380539534398233
above_sma200,4,52,1.957189566717782
above_sma200,4,53,2.0075374788197604
above_sma200,4,54,1.9874418116738486
above_sma200,4,55,2.1338463202041864
above_sma200,4,56,2.2808578463981313
above_sma200,4,57,2.1136194600447435
above_sma200,4,58,2.1779956207325113
above_sma200,4,59,2.2069659307845195
above_sma200,4,60,2.3348587881975624
above_sma200,4,61,2.391995289426759
above_sma200,4,62,2.487925074138498
above_sma200,4,63,2.4718029782663735
above_sma200,4,64,2.603974767211816
above_sma200,4,65,2.1225796541991837
above_sma200,4,66,2.686157639490943
above_sma200,4,67,2.8773447048549574
above_sma200,4,68,2.9028731093934343
above_sma200,4,69,3.1682836364620264
above_sma200,4,70,3.5226010048916723
above_sma200,4,71,3.4740727621080123
above_sma200,4,72,3.847296612544076
above_sma200,4,73,3.9466090046764672
above_sma200,4,74,3.8664300142026518
above_sma200,4,75,4.058063163816159
above_sma200,4,76,4.174398439652003
above_sma200,4,77,4.409172180840649
above_sma200,4,78,4.782855007103881
above_sma200,4,79,4.988858319697954
above_sma200,4,80,4.988595648299634
above_sma200,4,81,4.959364761144121
above_sma200,4,82,5.0696461731474045
above_sma200,4,83,5.050272930100043
above_sma200,4,84,5.22806490137686
above_sma200,4,85,6.3173033547388275
above_sma200,4,86,6.126378865094769
above_sma200,4,87,6.4638174724955135
above_sma200,4,88,6.893606578164438
above_sma200,4,89,6.82817251309376
above_sma200,4,90,7.2443352380035355
above_sma200,4,91,7.294447672378614
above_sma200,4,92,7.150728662126706
above_sma200,4,93,6.965215025522765
above_sma200,4,94,7.360749730669418
above_sma200,4,95,7.301081608262444
above_sma200,4,96,6.89204470144259
above_sma200,4,97,7.856221757875891
above_sma200,4,98,8.07205610080452
above_sma200,4,99,7.824374830310014
above_sma200,4,100,7.681688023831857
above_sma200,4,101,7.720626331102227
above_sma200,4,102,7.58165154511145
above_sma200,4,103,8.64093900053054
above_sma200,4,104,8.422283951208483
above_sma200,4,105,9.64113808466964
above_sma200,4,106,10.030898135515358
above_sma200,4,107,10.267863948146266
above_sma200,4,108,10.3790173176415
above_sma200,4,109,10.128738314741161
above_sma200,4,110,9.961786886577261
above_sma200,4,111,10.571325480031865
above_sma200,4,112,10.522814007843282
above_sma200,4,113,11.36987385185683
above_sma200,4,114,12.638535876028046
above_sma200,4,115,13.359834180029829
above_sma200,4,116,13.426074820904763
above_sma200,4,117,14.758659840858929
above_sma200,4,118,14.265594882560489
above_sma200,4,119,14.410775640346868
above_sma200,4,120,13.674346157383322
above_sma200,4,121,14.42226366030918
above_sma200,4,122,15.129976309634904
above_sma200,4,123,14.665841642960714
above_sma200,4,124,15.82824307668195
above_sma200,4,125,14.298326769064554
above_sma200,4,126,14.167747736879875
above_sma200,4,127,14.041223432219013
above_sma200,4,128,12.61595764470558
above_sma200,4,129,11.73909953636283
above_sma200,4,130,11.43594484161362
above_sma200,4,131,12.202412100115422
above_sma200,4,132,12.718291934352106
above_sma200,4,133,12.857043872677897
above_sma200,4,134,13.253637311877629
above_sma200,4,135,13.666148999993732
above_sma200,4,136,13.840014670733531
above_sma200,4,137,14.154383255467277
above_sma200,4,138,14.785728919791122
above_sma200,4,139,15.407989045010673
above_sma200,4,140,15.108258757318062
above_sma200,4,141,15.59369369666501
above_sma200,4,142,16.268686057939494
above_sma200,4,143,16.50115340912474
above_sma200,4,144,16.432590576602895
low_vol_score,4,0,1.0
low_vol_score,4,1,0.9620006003530698
low_vol_score,4,2,0.9483979722347098
low_vol_score,4,3,0.9591539403658007
low_vol_score,4,4,0.9012673394427975
low_vol_score,4,5,0.8873410030564117
low_vol_score,4,6,0.8931406079546993
low_vol_score,4,7,0.9444275569534967
low_vol_score,4,8,0.9255935644962998
low_vol_score,4,9,0.8468776828854425
low_vol_score,4,10,0.8317569692587213
low_vol_score,4,11,0.8652460473746655
low_vol_score,4,12,0.8427303203907209
low_vol_score,4,13,0.8711474389063526
low_vol_score,4,14,0.889304548075831
low_vol_score,4,15,0.914878650688172
low_vol_score,4,16,0.8882240667793156
low_vol_score,4,17,0.8787303168324151
low_vol_score,4,18,0.8556343199615105
low_vol_score,4,19,0.8933600812960101
low_vol_score,4,20,0.9329113870800002
low_vol_score,4,21,0.9156120157554296
low_vol_score,4,22,0.9002195967243865
low_vol_score,4,23,0.9176212295689387
low_vol_score,4,24,0.9108155528550473
low_vol_score,4,25,0.9834485934808744
low_vol_score,4,26,1.019228580439496
low_vol_score,4,27,0.9733502564069744
low_vol_score,4,28,0.9996998975158552
low_vol_score,4,29,0.9808621792315827
low_vol_score,4,30,1.0002035720845104
low_vol_score,4,31,1.0421244900837374
low_vol_score,4,32,1.0414297676536692
low_vol_score,4,33,1.0972519131679117
low_vol_score,4,34,1.1523103158061478
low_vol_score,4,35,1.0598081844713187
low_vol_score,4,36,1.0826282663887405
low_vol_score,4,37,1.0371878889820665
low_vol_score,4,38,1.0743467127979434
low_vol_score,4,39,1.1016450400850395
low_vol_score,4,40,1.128818009404889
low_vol_score,4,41,1.2272482712504018
low_vol_score,4,42,1.2906695460151594
low_vol_score,4,43,1.3243416579439005
low_vol_score,4,44,1.244184697229251
low_vol_score,4,45,1.2667532703309874
low_vol_score,4,46,1.113295925998735
low_vol_score,4,47,1.2269982529308734
low_vol_score,4,48,1.2933707875440232
low_vol_score,4,49,1.3131301152162758
low_vol_score,4,50,1.3643990804008843
low_vol_score,4,51,1.3421861012801097
low_vol_score,4,52,1.4102122488062525
low_vol_score,4,53,1.4902271254372343
low_vol_score,4,54,1.4170519885938662
low_vol_score,4,55,1.4935355171408455
low_vol_score,4,56,1.467140551775953
low_vol_score,4,57,1.492167957822897
low_vol_score,4,58,1.4774444663554267
low_vol_score,4,59,1.4835648901735872
low_vol_score,4,60,1.5257212879829334
low_vol_score,4,61,1.5984104765346325
low_vol_score,4,62,1.4759896294755384
low_vol_score,4,63,1.7352498129439609
low_vol_score,4,64,1.7042881258571545
low_vol_score,4,65,1.7510230581854478
low_vol_score,4,66,1.974432788223551
low_vol_score,4,67,2.2722767712663323
low_vol_score,4,68,2.2225926413555577
low_vol_score,4,69,2.3685745768897712
low_vol_score,4,70,2.4621152761213843
low_vol_score,4,71,2.411309195296661
low_vol_score,4,72,2.485129402433516
low_vol_score,4,73,2.420603973104381
low_vol_score,4,74,2.441169263405732
low_vol_score,4,75,2.6493546308770624
low_vol_score,4,76,2.718892385508805
low_vol_score,4,77,2.667236256663428
low_vol_score,4,78,2.825273752577912
low_vol_score,4,79,2.956171738445172
low_vol_score,4,80,2.980545988012218
low_vol_score,4,81,2.8814170191616095
low_vol_score,4,82,3.230384917878436
low_vol_score,4,83,3.2255759926947287
low_vol_score,4,84,3.5404815080064087
low_vol_score,4,85,3.507366112803654
low_vol_score,4,86,3.7698115001074437
low_vol_score,4,87,3.935040535935373
low_vol_score,4,88,3.8313429765922553
low_vol_score,4,89,3.6448280790878864
low_vol_score,4,90,3.5688935810323974
low_vol_score,4,91,3.780964129061416
low_vol_score,4,92,3.687054242906395
low_vol_score,4,93,3.570461162959007
low_vol_score,4,94,3.8191493136162538
low_vol_score,4,95,4.038758777544186
low_vol_score,4,96,3.7966821213175357
low_vol_score,4,97,3.6503723028206934
low_vol_score,4,98,3.6731756111343237
low_vol_score,4,99,3.486089601310729
low_vol_score,4,100,3.7418993855300138
low_vol_score,4,101,4.023251536335612
low_vol_score,4,102,4.078638161393191
low_vol_score,4,103,4.197060866164249
low_vol_score,4,104,4.268819179253081
low_vol_score,4,105,4.323854075811142
low_vol_score,4,106,4.33283706460054
low_vol_score,4,107,4.2206680590171874
low_vol_score,4,108,4.476998374592654
low_vol_score,4,109,4.746774710260583
low_vol_score,4,110,4.7175223642062445
low_vol_score,4,111,4.777261120912413
low_vol_score,4,112,5.000109693844243
low_vol_score,4,113,4.887464112391491
low_vol_score,4,114,5.091154557881604
low_vol_score,4,115,4.928419479747536
low_vol_score,4,116,5.094510668344654
low_vol_score,4,117,5.076050613583992
low_vol_score,4,118,5.103753765577763
low_vol_score,4,119,5.411955481697543
low_vol_score,4,120,5.420692371591962
low_vol_score,4,121,5.964258562465625
low_vol_score,4,122,5.5927798321779765
low_vol_score,4,123,5.714261497227088
low_vol_score,4,124,5.9700283930115745
low_vol_score,4,125,5.529206012304964
low_vol_score,4,126,4.957224560429278
low_vol_score,4,127,5.231188962972477
low_vol_score,4,128,5.306517713642109
low_vol_score,4,129,5.111071182186893
low_vol_score,4,130,5.139856901026745
low_vol_score,4,131,5.2323218349912075
low_vol_score,4,132,5.152959852956571
low_vol_score,4,133,5.212074317466706
low_vol_score,4,134,4.8857006781055325
low_vol_score,4,135,5.258609481204762
low_vol_score,4,136,5.303538423301592
low_vol_score,4,137,4.927517514040652
low_vol_score,4,138,5.011138407738289
low_vol_score,4,139,5.161287620173561
low_vol_score,4,140,5.26593011798607
low_vol_score,4,141,5.581364754156632
abnormal_volume,4,0,1.0
abnormal_volume,4,1,1.0209215963266451
abnormal_volume,4,2,1.0063420908641518
abnormal_volume,4,3,0.9482050560283168
abnormal_volume,4,4,0.9590862976504619
abnormal_volume,4,5,0.9049567982387511
abnormal_volume,4,6,0.8834976649932903
abnormal_volume,4,7,0.8333696737187704
abnormal_volume,4,8,0.7941966322474197
abnormal_volume,4,9,0.809489400720868
abnormal_volume,4,10,0.834865541400263
abnormal_volume,4,11,0.8423430307265214
abnormal_volume,4,12,0.8313658089771213
abnormal_volume,4,13,0.7919488805283597
abnormal_volume,4,14,0.8247132156176441
abnormal_volume,4,15,0.8368200704721246
abnormal_volume,4,16,0.8795300443454805
abnormal_volume,4,17,0.8935292670189203
abnormal_volume,4,18,0.9239480316651354
abnormal_volume,4,19,1.004825602093014
abnormal_volume,4,20,0.9790428148008816
abnormal_volume,4,21,0.974510998479806
abnormal_volume,4,22,1.0169223920187616
abnormal_volume,4,23,1.05242254545981
abnormal_volume,4,24,1.0756634909794112
abnormal_volume,4,25,1.0511763905427216
abnormal_volume,4,26,1.0708337553033132
abnormal_volume,4,27,1.0883014405052194
abnormal_volume,4,28,1.1277135962002771
abnormal_volume,4,29,1.1464181355559715
abnormal_volume,4,30,1.107041434190229
abnormal_volume,4,31,1.1139943057341681
abnormal_volume,4,32,1.0871173796597287
abnormal_volume,4,33,1.103807117825349
abnormal_volume,4,34,1.1787729484655427
abnormal_volume,4,35,1.2445153477748263
abnormal_volume,4,36,1.3033324516779967
abnormal_volume,4,37,1.3926559325333816
abnormal_volume,4,38,1.23530961456778
abnormal_volume,4,39,1.2084989981325407
abnormal_volume,4,40,1.2011699255024546
abnormal_volume,4,41,1.236273581562132
abnormal_volume,4,42,1.2548024966060591
abnormal_volume,4,43,1.2826116182847829
abnormal_volume,4,44,1.2984835598701
abnormal_volume,4,45,1.3821074584768913
abnormal_volume,4,46,1.4046224100199085
abnormal_volume,4,47,1.3774143216177004
abnormal_volume,4,48,1.2356051985343337
abnormal_volume,4,49,1.0948639507099873
abnormal_volume,4,50,1.2143325418340578
abnormal_volume,4,51,1.2795503421626562
abnormal_volume,4,52,1.3078297393159286
abnormal_volume,4,53,1.3680822990618418
abnormal_volume,4,54,1.3772828224256475
abnormal_volume,4,55,1.3893581511474522
abnormal_volume,4,56,1.4219983424132236
abnormal_volume,4,57,1.3633708536184759
abnormal_volume,4,58,1.3187420335851145
abnormal_volume,4,59,1.328802011690119
abnormal_volume,4,60,1.408683086545752
abnormal_volume,4,61,1.4081287542999843
abnormal_volume,4,62,1.4368521658975526
abnormal_volume,4,63,1.3867662187695304
abnormal_volume,4,64,1.33156660722125
abnormal_volume,4,65,1.0220486620551865
abnormal_volume,4,66,1.34217996823206
abnormal_volume,4,67,1.360772909524715
abnormal_volume,4,68,1.3948783763207087
abnormal_volume,4,69,1.4341861139739893
abnormal_volume,4,70,1.7520670855798428
abnormal_volume,4,71,1.6913347022382037
abnormal_volume,4,72,1.7434646859528713
abnormal_volume,4,73,1.893940306004021
abnormal_volume,4,74,1.9239186338200889
abnormal_volume,4,75,2.136007459641307
abnormal_volume,4,76,2.2862826449587046
abnormal_volume,4,77,2.4148662331646196
abnormal_volume,4,78,2.4856244743702995
abnormal_volume,4,79,2.592683307394644
abnormal_volume,4,80,2.5925467984569046
abnormal_volume,4,81,2.528263340022936
abnormal_volume,4,82,2.5844843409943477
abnormal_volume,4,83,2.574607943001251
abnormal_volume,4,84,2.694304919513837
abnormal_volume,4,85,2.9066189247079195
abnormal_volume,4,86,2.9100091299560886
abnormal_volume,4,87,3.1656868867949965
abnormal_volume,4,88,3.3761782476189865
abnormal_volume,4,89,2.8447074005134465
abnormal_volume,4,90,2.989391983173693
abnormal_volume,4,91,3.010070997142056
abnormal_volume,4,92,3.355892375282716
abnormal_volume,4,93,3.2112302783443574
abnormal_volume,4,94,3.4736389900524127
abnormal_volume,4,95,3.5548124901765252
abnormal_volume,4,96,3.1562162886590004
abnormal_volume,4,97,3.5696923072095217
abnormal_volume,4,98,3.72231619380977
abnormal_volume,4,99,3.6081014271441636
abnormal_volume,4,100,3.682216528516189
abnormal_volume,4,101,3.7423610598403267
abnormal_volume,4,102,3.532656456833782
abnormal_volume,4,103,3.5864691399337816
abnormal_volume,4,104,3.4957151620806672
abnormal_volume,4,105,3.6131261182537293
abnormal_volume,4,106,3.5743980012651244
abnormal_volume,4,107,3.740798685871801
abnormal_volume,4,108,3.8172949983132005
abnormal_volume,4,109,3.8759086524977366
abnormal_volume,4,110,3.8120222665669683
abnormal_volume,4,111,4.264716318457951
abnormal_volume,4,112,4.504201401629991
abnormal_volume,4,113,4.420963384474814
abnormal_volume,4,114,4.374010967565742
abnormal_volume,4,115,4.442252626095972
abnormal_volume,4,116,4.5302137108037
abnormal_volume,4,117,4.758804245908899
abnormal_volume,4,118,4.614065532245089
abnormal_volume,4,119,4.64888921239396
abnormal_volume,4,120,4.7202705497141615
abnormal_volume,4,121,4.905865857131634
abnormal_volume,4,122,5.146600834993826
abnormal_volume,4,123,4.988721152027383
abnormal_volume,4,124,5.216563711249238
abnormal_volume,4,125,4.712344395630896
abnormal_volume,4,126,4.977344053504874
abnormal_volume,4,127,4.7571570450769665
abnormal_volume,4,128,4.579725494720408
abnormal_volume,4,129,4.298952124012442
abnormal_volume,4,130,3.868374587952233
abnormal_volume,4,131,3.921689366262647
abnormal_volume,4,132,3.739481901275687
abnormal_volume,4,133,3.9420867030148217
abnormal_volume,4,134,4.184580829374965
abnormal_volume,4,135,4.952963039428575
abnormal_volume,4,136,4.81566844723411
abnormal_volume,4,137,5.119479597182846
abnormal_volume,4,138,5.228868671971536
abnormal_volume,4,139,5.9208965383633165
abnormal_volume,4,140,5.73407984989386
abnormal_volume,4,141,5.931071378915522
abnormal_volume,4,142,6.159811644682805
abnormal_volume,4,143,6.247830744181047
abnormal_volume,4,144,6.184948851043435
price_volume_breakout,4,0,1.0
price_volume_breakout,4,1,1.0209215963266451
price_volume_breakout,4,2,1.0083294353030285
price_volume_breakout,4,3,0.9959596802220299
price_volume_breakout,4,4,0.9581332137549414
price_volume_breakout,4,5,0.9435639310133186
price_volume_breakout,4,6,0.8254181950862242
price_volume_breakout,4,7,0.7785855233989407
price_volume_breakout,4,8,0.7601221144164955
price_volume_breakout,4,9,0.8276055960127736
price_volume_breakout,4,10,0.8628121432308216
price_volume_breakout,4,11,0.8705399368354703
price_volume_breakout,4,12,0.8591952594537277
price_volume_breakout,4,13,0.8913352238780234
price_volume_breakout,4,14,0.9282113489285924
price_volume_breakout,4,15,0.9418375645183885
price_volume_breakout,4,16,0.9765981632000992
price_volume_breakout,4,17,0.9913172372826442
price_volume_breakout,4,18,1.0250650358648234
price_volume_breakout,4,19,1.0018878291448567
price_volume_breakout,4,20,0.9761804220728115
price_volume_breakout,4,21,0.9716618552622643
price_volume_breakout,4,22,1.0139492521152549
price_volume_breakout,4,23,1.1397452150827223
price_volume_breakout,4,24,1.1649145318787537
price_volume_breakout,4,25,1.130615152057638
price_volume_breakout,4,26,1.1619582815029499
price_volume_breakout,4,27,1.214141004650959
price_volume_breakout,4,28,1.258110361421123
price_volume_breakout,4,29,1.2789776940916686
price_volume_breakout,4,30,1.2839642732679308
price_volume_breakout,4,31,1.2819997743119378
price_volume_breakout,4,32,1.1916339965981335
price_volume_breakout,4,33,1.211340908276938
price_volume_breakout,4,34,1.2936099713323872
price_volume_breakout,4,35,1.3322720872429155
price_volume_breakout,4,36,1.3952366669266993
price_volume_breakout,4,37,1.490858774353323
price_volume_breakout,4,38,1.3438992687960591
price_volume_breakout,4,39,1.366222073308118
price_volume_breakout,4,40,1.3624016931325886
price_volume_breakout,4,41,1.4022172757870102
price_volume_breakout,4,42,1.423233307483938
price_volume_breakout,4,43,1.4547752181289078
price_volume_breakout,4,44,1.472777633632353
price_volume_breakout,4,45,1.567626279631031
price_volume_breakout,4,46,1.5931633892869972
price_volume_breakout,4,47,1.56230318797904
price_volume_breakout,4,48,1.545550780326816
price_volume_breakout,4,49,1.3695052718932872
price_volume_breakout,4,50,1.4958998789904658
price_volume_breakout,4,51,1.5762397334031844
price_volume_breakout,4,52,1.5663709993462853
price_volume_breakout,4,53,1.529658181148063
price_volume_breakout,4,54,1.5355760029054497
price_volume_breakout,4,55,1.5976474463767278
price_volume_breakout,4,56,1.6896205690280728
price_volume_breakout,4,57,1.5332331039995881
price_volume_breakout,4,58,1.5610323168826217
price_volume_breakout,4,59,1.5729405980544524
price_volume_breakout,4,60,1.6674980901046328
price_volume_breakout,4,61,1.7218628427478508
price_volume_breakout,4,62,1.7569858916848013
price_volume_breakout,4,63,1.6750281058110386
price_volume_breakout,4,64,1.6083543582667257
price_volume_breakout,4,65,1.2344980799777614
price_volume_breakout,4,66,1.5398578328582635
price_volume_breakout,4,67,1.5173132787213104
price_volume_breakout,4,68,1.5553421645731198
price_volume_breakout,4,69,1.5991717792577977
price_volume_breakout,4,70,1.710536843603195
price_volume_breakout,4,71,1.6512440344632262
price_volume_breakout,4,72,1.702138351544049
price_volume_breakout,4,73,1.8490471624451699
price_volume_breakout,4,74,1.9180842118541355
price_volume_breakout,4,75,2.129529863020068
price_volume_breakout,4,76,2.2793493280035904
price_volume_breakout,4,77,2.407542977207771
price_volume_breakout,4,78,2.4256318523563394
price_volume_breakout,4,79,2.5301067310588983
price_volume_breakout,4,80,2.529973516878347
price_volume_breakout,4,81,2.6018711869400177
price_volume_breakout,4,82,2.6597290058676597
price_volume_breakout,4,83,2.6495650664701293
price_volume_breakout,4,84,2.7428414898860383
price_volume_breakout,4,85,2.9589802268613945
price_volume_breakout,4,86,2.9624315049801253
price_volume_breakout,4,87,3.161903830199943
price_volume_breakout,4,88,3.3721436498073682
price_volume_breakout,4,89,3.4927910605512658
price_volume_breakout,4,90,3.595271763230837
price_volume_breakout,4,91,3.556116833919995
price_volume_breakout,4,92,3.4860523664420247
price_volume_breakout,4,93,3.3357794765601056
price_volume_breakout,4,94,3.6083658435015677
price_volume_breakout,4,95,3.6305168729293764
price_volume_breakout,4,96,3.4562521821875154
price_volume_breakout,4,97,3.885475077389231
price_volume_breakout,4,98,4.051600406007012
price_volume_breakout,4,99,3.927281951877852
price_volume_breakout,4,100,4.007953436828411
price_volume_breakout,4,101,4.073418484622368
price_volume_breakout,4,102,3.800283979454846
price_volume_breakout,4,103,4.213207604559672
price_volume_breakout,4,104,4.106594293607876
price_volume_breakout,4,105,4.24452291200834
price_volume_breakout,4,106,4.1990270243705945
price_volume_breakout,4,107,4.39450636698714
price_volume_breakout,4,108,4.43789432818433
price_volume_breakout,4,109,4.550954133349555
price_volume_breakout,4,110,4.475941010445064
price_volume_breakout,4,111,4.482498780541645
price_volume_breakout,4,112,4.734213434721678
price_volume_breakout,4,113,4.646724776032253
price_volume_breakout,4,114,4.89696922526187
price_volume_breakout,4,115,4.973369879988473
price_volume_breakout,4,116,5.012621930890323
price_volume_breakout,4,117,5.265554353643287
price_volume_breakout,4,118,5.089639984331134
price_volume_breakout,4,119,5.17326055540591
price_volume_breakout,4,120,5.354311333248621
price_volume_breakout,4,121,5.647165054820435
price_volume_breakout,4,122,6.438686717834196
price_volume_breakout,4,123,6.241170366688395
price_volume_breakout,4,124,6.735839923264385
price_volume_breakout,4,125,6.084771368518462
price_volume_breakout,4,126,6.426949739945172
price_volume_breakout,4,127,6.1426352900412
price_volume_breakout,4,128,6.289863614532536
price_volume_breakout,4,129,5.904245260248727
price_volume_breakout,4,130,5.31288362068707
price_volume_breakout,4,131,5.386106936057857
price_volume_breakout,4,132,5.135860473548501
price_volume_breakout,4,133,5.262274585382675
price_volume_breakout,4,134,5.58597895172085
price_volume_breakout,4,135,5.810728269475026
price_volume_breakout,4,136,5.6496566923686355
price_volume_breakout,4,137,6.0060825375718965
price_volume_breakout,4,138,6.134415857280999
price_volume_breakout,4,139,6.392583878635093
price_volume_breakout,4,140,6.4099364465301765
price_volume_breakout,4,141,6.682831639308577
price_volume_breakout,4,142,6.940564616640062
price_volume_breakout,4,143,7.039740091931316
price_volume_breakout,4,144,7.010489741428333
reversal_1w,4,0,1.0
reversal_1w,4,1,1.0391766115577588
reversal_1w,4,2,1.0466258442190144
reversal_1w,4,3,1.0167892004126484
reversal_1w,4,4,1.1009509043919476
reversal_1w,4,5,1.0895366670726254
reversal_1w,4,6,1.0538202921816575
reversal_1w,4,7,1.0248002972743775
reversal_1w,4,8,1.0052212456031773
reversal_1w,4,9,1.0924046640606717
reversal_1w,4,10,1.1434661951944711
reversal_1w,4,11,1.1531448281578776
reversal_1w,4,12,1.0814866136670547
reversal_1w,4,13,1.0791170278048727
reversal_1w,4,14,1.1364885667740017
reversal_1w,4,15,1.198798099467006
reversal_1w,4,16,1.2669794644041676
reversal_1w,4,17,1.1984634012270277
reversal_1w,4,18,1.3056650893200725
reversal_1w,4,19,1.28403112149935
reversal_1w,4,20,1.3146196026564916
reversal_1w,4,21,1.3933768202454884
reversal_1w,4,22,1.534136564867304
reversal_1w,4,23,1.8786703212311757
reversal_1w,4,24,1.8422403432736594
reversal_1w,4,25,2.183401923601677
reversal_1w,4,26,2.2829014288785117
reversal_1w,4,27,2.492547860359971
reversal_1w,4,28,2.5146475815679756
reversal_1w,4,29,2.937298121439284
reversal_1w,4,30,3.0658036665897703
reversal_1w,4,31,3.339421680691482
reversal_1w,4,32,3.255470708248775
reversal_1w,4,33,3.340211513546775
reversal_1w,4,34,3.472825665652366
reversal_1w,4,35,3.5650793722594294
reversal_1w,4,36,3.6970960954825594
reversal_1w,4,37,3.8800096527660135
reversal_1w,4,38,3.5204579338246385
reversal_1w,4,39,3.6252217994890588
reversal_1w,4,40,3.60323625054803
reversal_1w,4,41,3.772925704687949
reversal_1w,4,42,3.907855436986963
reversal_1w,4,43,4.042504066557863
reversal_1w,4,44,4.258278708369616
reversal_1w,4,45,4.26679779238792
reversal_1w,4,46,4.229566769288669
reversal_1w,4,47,4.0638800043250285
reversal_1w,4,48,3.872237576859597
reversal_1w,4,49,3.375088657569674
reversal_1w,4,50,3.8745319238269538
reversal_1w,4,51,4.115132639214267
reversal_1w,4,52,4.094476677590729
reversal_1w,4,53,4.224265704476909
reversal_1w,4,54,4.256017412834532
reversal_1w,4,55,4.296061498057984
reversal_1w,4,56,4.513754707435606
reversal_1w,4,57,4.458711346600765
reversal_1w,4,58,4.889756998420079
reversal_1w,4,59,4.688627323894089
reversal_1w,4,60,5.0386622978411255
reversal_1w,4,61,5.010349439212954
reversal_1w,4,62,5.240534605828969
reversal_1w,4,63,5.090912355706206
reversal_1w,4,64,4.828368885719132
reversal_1w,4,65,3.216640277701114
reversal_1w,4,66,4.35170008377531
reversal_1w,4,67,4.557754367752842
reversal_1w,4,68,4.623771704816906
reversal_1w,4,69,4.813410213377297
reversal_1w,4,70,5.60234770759107
reversal_1w,4,71,5.272161932701491
reversal_1w,4,72,5.859877765314487
reversal_1w,4,73,6.047158400466367
reversal_1w,4,74,6.144271368075588
reversal_1w,4,75,6.147492688567775
reversal_1w,4,76,6.603525511873612
reversal_1w,4,77,6.168734509331343
reversal_1w,4,78,6.234107816972391
reversal_1w,4,79,6.041097534609801
reversal_1w,4,80,6.019595956338937
reversal_1w,4,81,6.026197384659945
reversal_1w,4,82,6.729002666444224
reversal_1w,4,83,7.004129404817298
reversal_1w,4,84,6.921119793471378
reversal_1w,4,85,7.391149191550554
reversal_1w,4,86,7.440168166732038
reversal_1w,4,87,8.05631960574467
reversal_1w,4,88,7.964678796243805
reversal_1w,4,89,7.644311606613369
reversal_1w,4,90,8.043005395356849
reversal_1w,4,91,7.04463714482401
reversal_1w,4,92,7.0946989755595204
reversal_1w,4,93,6.796567488485428
reversal_1w,4,94,8.745295734128028
reversal_1w,4,95,8.70677398510223
reversal_1w,4,96,7.504849142391335
reversal_1w,4,97,7.612269741787649
reversal_1w,4,98,8.667263204854729
reversal_1w,4,99,8.299384076615253
reversal_1w,4,100,8.19542320818079
reversal_1w,4,101,8.006698808866446
reversal_1w,4,102,7.904349902577071
reversal_1w,4,103,8.114399458674697
reversal_1w,4,104,8.157918845886902
reversal_1w,4,105,8.252339207597092
reversal_1w,4,106,8.944488791590116
reversal_1w,4,107,9.520835663237726
reversal_1w,4,108,10.265026806794689
reversal_1w,4,109,10.150270901645564
reversal_1w,4,110,10.35490782976614
reversal_1w,4,111,11.658274116728553
reversal_1w,4,112,12.313422522506164
reversal_1w,4,113,12.063174241907937
reversal_1w,4,114,12.60729792367039
reversal_1w,4,115,12.842897664874984
reversal_1w,4,116,12.338841189890156
reversal_1w,4,117,13.804843882034477
reversal_1w,4,118,13.874341103867438
reversal_1w,4,119,14.722382760244033
reversal_1w,4,120,13.656292158931803
reversal_1w,4,121,13.424989654984662
reversal_1w,4,122,15.32546767453853
reversal_1w,4,123,15.464404029581283
reversal_1w,4,124,15.531124141266565
reversal_1w,4,125,15.671733809928023
reversal_1w,4,126,16.75691554875006
reversal_1w,4,127,16.29987891708275
reversal_1w,4,128,15.897674744787764
reversal_1w,4,129,13.527435558708301
reversal_1w,4,130,13.415451801200053
reversal_1w,4,131,13.882399222947289
reversal_1w,4,132,14.379717682333064
reversal_1w,4,133,14.948964515947367
reversal_1w,4,134,15.713326823644898
reversal_1w,4,135,16.20247708614739
reversal_1w,4,136,18.113457098572557
reversal_1w,4,137,18.190875760856432
reversal_1w,4,138,18.69036928535023
reversal_1w,4,139,19.626147889471113
reversal_1w,4,140,19.32640244295085
reversal_1w,4,141,19.794433293664643
reversal_1w,4,142,19.21374519911772
reversal_1w,4,143,19.967957759090424
reversal_1w,4,144,19.86446424510681
