signal_date,exec_date,regime,stress_level,equity,w_SHY,w_IEF,w_TLT,w_SPY,w_MTUM,w_USMV,w_GLD,w_MSFT,w_NVDA,w_XLK,w_AAPL,w_QQQ,w_IWM,w_XLF
2015-01-02,2015-01-05,mixed,low_stress,9980.0,0.3,0.3,0.3,0.025,0.025,0.025,0.025,,,,,,,
2015-01-09,2015-01-12,mixed,low_stress,10065.026935691894,0.3,0.3,0.3,0.025,0.025,0.025,0.025,,,,,,,
2015-01-16,2015-01-20,mixed,low_stress,10130.303166447115,0.3,0.3,0.3,0.025,0.025,0.025,0.025,,,,,,,
2015-01-23,2015-01-26,mixed,low_stress,10135.875787731946,0.3,0.3,0.3,0.025,0.025,0.025,0.025,,,,,,,
2015-01-30,2015-02-02,mixed,low_stress,10251.953571549515,0.3,0.3,0.3,0.025,0.025,0.025,0.025,,,,,,,
2015-02-06,2015-02-09,mixed,low_stress,10029.816244708843,0.3,0.3,0.3,0.025,0.025,0.025,0.025,,,,,,,
2015-02-13,2015-02-17,mixed,low_stress,9962.47269190013,0.3,0.3,,0.0333,0.0333,0.0333,0.3,,,,,,,
2015-02-20,2015-02-23,mixed,low_stress,9957.662367440302,0.3,0.3,,0.0333,0.0333,0.0333,0.3,,,,,,,
2015-02-27,2015-03-02,mixed,low_stress,9990.440510228798,0.3,0.3,,0.0333,0.0333,0.0333,0.3,,,,,,,
2015-03-06,2015-03-09,mixed,low_stress,9834.188481679905,0.3,0.3,,0.0333,0.0333,0.0333,0.3,,,,,,,
2015-03-13,2015-03-16,mixed,low_stress,9813.614174746574,0.3,0.3,,0.0333,0.0333,0.0333,0.3,,,,,,,
2015-03-20,2015-03-23,mixed,low_stress,9944.572890049803,0.3,0.3,,0.0333,0.0333,0.0333,0.3,,,,,,,
2015-03-27,2015-03-30,mixed,low_stress,9937.957908139855,0.3,0.3,,0.0333,0.0333,0.0333,0.3,,,,,,,
2015-04-02,2015-04-06,mixed,low_stress,9983.914216965402,0.3,0.3,,0.0333,0.0333,0.0333,0.3,,,,,,,
2015-04-10,2015-04-13,mixed,low_stress,9957.209447502712,0.3,0.3,,0.0333,0.0333,0.0333,0.3,,,,,,,
2015-04-17,2015-04-20,mixed,low_stress,9981.967995446326,0.3,0.3,,0.0333,0.0333,0.0333,0.3,,,,,,,
2015-04-24,2015-04-27,mixed,low_stress,9943.578878812845,0.3,0.3,,0.0333,0.0333,0.0333,0.3,,,,,,,
2015-05-01,2015-05-04,mixed,low_stress,9838.382680726208,0.3,0.3,,0.0333,0.0333,0.0333,0.3,,,,,,,
2015-05-08,2015-05-11,mixed,low_stress,9843.4481269704,0.3,0.3,,0.0333,0.0333,0.0333,0.3,,,,,,,
2015-05-15,2015-05-18,mixed,low_stress,9992.661899952642,0.3,0.3,,0.0333,0.0333,0.0333,0.3,,,,,,,
2015-05-22,2015-05-26,mixed,low_stress,9944.665692073311,0.3,0.3,,0.0333,0.0333,0.0333,0.3,,,,,,,
2015-05-29,2015-06-01,mixed,low_stress,9958.400873389042,0.3,0.3,,0.0333,0.0333,0.0333,0.3,,,,,,,
2015-06-05,2015-06-08,mixed,low_stress,9842.708176084188,0.3,0.3,,0.0333,0.0333,0.0333,0.3,,,,,,,
2015-06-12,2015-06-15,mixed,low_stress,9866.495514880211,0.3,0.3,,0.0333,0.0333,0.0333,0.3,,,,,,,
2015-06-19,2015-06-22,mixed,low_stress,9950.917504772353,0.3,0.3,,0.0333,0.0333,0.0333,0.3,,,,,,,
2015-06-26,2015-06-29,mixed,low_stress,9891.406626232538,0.3,0.3,,0.0333,0.0333,0.0333,0.3,,,,,,,
2015-07-02,2015-07-06,mixed,low_stress,9856.650827705835,0.3,0.3,,0.0333,0.0333,0.0333,0.3,,,,,,,
2015-07-10,2015-07-13,defensive,low_stress,9826.276430905118,0.3,0.3,,0.0333,0.0333,0.0333,0.3,,,,,,,
2015-07-17,2015-07-20,mixed,low_stress,9793.009907484558,0.3,0.3,,0.0333,0.0333,0.0333,0.3,,,,,,,
2015-07-24,2015-07-27,defensive,low_stress,9795.589696959001,0.3,0.3,,0.0333,0.0333,0.0333,0.3,,,,,,,
2015-07-31,2015-08-03,mixed,low_stress,9824.273750236227,0.3,0.3,,0.0333,0.0333,0.0333,0.3,,,,,,,
2015-08-07,2015-08-10,defensive,low_stress,9821.171816893062,0.3,0.3,,0.0333,0.0333,0.0333,0.3,,,,,,,
2015-08-14,2015-08-17,defensive,low_stress,9859.445426344178,0.3,0.3,,0.0333,0.0333,0.0333,0.3,,,,,,,
2015-08-21,2015-08-24,defensive,low_stress,9951.145562294987,0.3,0.3,,0.0333,0.0333,0.0333,0.3,,,,,,,
2015-08-28,2015-08-31,crash_risk,low_stress,9908.68044986834,0.3,0.3,,0.0333,0.0333,0.0333,0.3,,,,,,,
2015-09-04,2015-09-08,crash_risk,low_stress,9876.122851515767,0.3,0.3,,0.0333,0.0333,0.0333,0.3,,,,,,,
2015-09-11,2015-09-14,crash_risk,low_stress,9840.699594688977,0.3,0.3,,0.0333,0.0333,0.0333,0.3,,,,,,,
2015-09-18,2015-09-21,crash_risk,low_stress,9948.181375777587,0.3,0.3,,0.0333,0.0333,0.0333,0.3,,,,,,,
2015-09-25,2015-09-28,defensive,low_stress,9976.102862753432,0.3,0.3,,0.0333,0.0333,0.0333,0.3,,,,,,,
2015-10-02,2015-10-05,defensive,low_stress,10060.925173807167,0.3,0.3,,0.0333,0.0333,0.0333,0.3,,,,,,,
2015-10-09,2015-10-12,defensive,low_stress,10118.550439787905,0.3,0.3,,0.0333,0.0333,0.0333,0.3,,,,,,,
2015-10-16,2015-10-19,mixed,low_stress,10168.147164908316,0.3,0.3,,0.0333,0.0333,0.0333,0.3,,,,,,,
2015-10-23,2015-10-26,risk_on_strong,low_stress,10133.777964937355,0.0698,0.0,,0.0698,0.0698,0.0698,0.0698,0.186,0.186,0.2791,,,,
2015-10-30,2015-11-02,risk_on_normal,low_stress,10066.405265475774,0.0698,0.0,,0.0698,0.0698,0.0698,0.0698,0.186,0.186,0.2791,,,,
2015-11-06,2015-11-09,risk_on_strong,low_stress,10289.181789614857,0.0909,0.0,,0.0909,0.0909,0.0909,0.0909,0.1818,0.1818,,0.1818,,,
2015-11-13,2015-11-16,mixed,low_stress,9935.756010428555,0.3,0.3,,0.0333,0.0333,0.0333,0.3,,,,,,,
2015-11-20,2015-11-23,risk_on_strong,low_stress,9919.133989228205,0.0698,0.0,,0.0698,0.0698,0.0698,0.0698,0.186,0.186,0.2791,,,,
2015-11-27,2015-11-30,risk_on_strong,low_stress,9930.557150174685,0.0805,0.0,,0.0805,0.0805,0.0805,0.0805,0.1839,0.1839,,,0.2299,,
2015-12-04,2015-12-07,risk_on_strong,low_stress,10150.45694084627,0.0794,0.0317,,0.0476,0.0476,0.0476,0.0794,0.1905,0.1905,0.2857,,,,
2015-12-11,2015-12-14,mixed,low_stress,9904.64349508667,0.3,0.3,,0.0333,0.0333,0.0333,0.3,,,,,,,
2015-12-18,2015-12-21,mixed,low_stress,9916.681208157068,0.3,0.3,,0.0333,0.0333,0.0333,0.3,,,,,,,
2015-12-24,2015-12-28,risk_on_strong,low_stress,9905.005209589552,0.0902,0.0314,,0.0588,0.0588,0.0588,0.0902,0.1882,0.1882,,,0.2353,,
2015-12-31,2016-01-04,mixed,low_stress,9833.179574422862,0.3,0.3,,0.0333,0.0333,0.0333,0.3,,,,,,,
2016-01-08,2016-01-11,defensive,low_stress,9912.690034762645,0.3,0.3,,0.0333,0.0333,0.0333,0.3,,,,,,,
2016-01-15,2016-01-19,crash_risk,low_stress,9911.629048325738,0.3,0.3,,0.0333,0.0333,0.0333,0.3,,,,,,,
2016-01-22,2016-01-25,defensive,low_stress,9953.340969145354,0.3,0.3,,0.0333,0.0333,0.0333,0.3,,,,,,,
2016-01-29,2016-02-01,defensive,low_stress,10038.669738035229,0.3,0.3,,0.0333,0.0333,0.0333,0.3,,,,,,,
2016-02-05,2016-02-08,crash_risk,low_stress,10151.149830483571,0.3,0.3,,0.0333,0.0333,0.0333,0.3,,,,,,,
2016-02-12,2016-02-16,crash_risk,low_stress,10283.461539314545,0.3,0.3,,0.0333,0.0333,0.0333,0.3,,,,,,,
2016-02-19,2016-02-22,defensive,low_stress,10379.046325683386,0.3,0.3,,0.0333,0.0333,0.0333,0.3,,,,,,,
2016-02-26,2016-02-29,defensive,low_stress,10427.27982134689,0.3,0.3,,0.0333,0.0333,0.0333,0.3,,,,,,,
2016-03-04,2016-03-07,defensive,low_stress,10461.656361011617,0.3,0.3,,0.0333,0.0333,0.0333,0.3,,,,,,,
2016-03-11,2016-03-14,mixed,low_stress,10415.625293617672,0.3,0.3,,0.0333,0.0333,0.0333,0.3,,,,,,,
2016-03-18,2016-03-21,risk_on_normal,low_stress,10494.417977216994,0.056,0.0,,0.296,0.056,0.056,0.056,,0.192,0.288,,,,
2016-03-24,2016-03-28,risk_on_normal,low_stress,10473.678752946056,0.1545,0.1301,,0.0244,0.0244,0.0244,0.1545,,0.1951,0.2927,,,,
2016-04-01,2016-04-04,risk_on_normal,low_stress,10663.51918788107,0.056,0.0,,0.296,0.056,0.056,0.056,,0.192,0.288,,,,
2016-04-08,2016-04-11,risk_on_strong,low_stress,10588.11483159826,0.056,0.0,,0.296,0.056,0.056,0.056,,0.192,0.288,,,,
2016-04-15,2016-04-18,risk_on_strong,low_stress,10752.754144177861,0.0698,0.0,,0.0698,0.0698,0.0698,0.0698,,0.186,0.2791,0.186,,,
2016-04-22,2016-04-25,risk_on_strong,low_stress,10574.894842192838,0.0476,0.0,,0.0476,0.0476,0.0476,0.0476,,0.1905,,,,0.2857,0.2857
2016-04-29,2016-05-02,risk_on_normal,low_stress,10491.990229563195,0.0476,0.0,,0.0476,0.0476,0.0476,0.0476,,0.1905,,,,0.2857,0.2857
2016-05-06,2016-05-09,risk_on_normal,low_stress,10325.557335130998,0.05,0.0,,0.05,0.3,0.05,0.05,,0.2,,,,,0.3
2016-05-13,2016-05-16,risk_on_normal,low_stress,10624.163915929332,0.0634,0.0,,0.3,0.3,0.0634,0.0634,,0.2098,,,,,
2016-05-20,2016-05-23,risk_on_normal,low_stress,10637.010122118407,0.0476,0.0,,0.0476,0.0476,0.0476,0.0476,,0.1905,,,,0.2857,0.2857
2016-05-27,2016-05-31,risk_on_strong,low_stress,10914.877747717896,0.0569,0.0325,,0.0244,0.0244,0.0244,0.0569,,0.1951,,,,0.2927,0.2927
2016-06-03,2016-06-06,risk_on_strong,low_stress,10918.138017234272,0.0583,0.0333,,0.025,0.3,0.025,0.0583,,0.2,,,,0.3,
2016-06-10,2016-06-13,risk_on_strong,low_stress,10917.614345128823,0.0583,0.0333,,0.025,0.3,0.025,0.0583,,0.2,,,,0.3,
2016-06-17,2016-06-20,mixed,low_stress,10871.839019002318,0.3,0.3,,0.0333,0.0333,0.0333,0.3,,,,,,,
2016-06-24,2016-06-27,mixed,low_stress,10967.485320485583,0.3,0.3,,0.0333,0.0333,0.0333,0.3,,,,,,,
2016-07-01,2016-07-05,risk_on_normal,low_stress,11048.977701416321,0.0515,0.0,,0.0515,0.3,0.0515,0.0515,,0.1976,,,,0.2965,
2016-07-08,2016-07-11,risk_on_strong,low_stress,11379.681470242369,0.0515,0.0,,0.0515,0.3,0.0515,0.0515,,0.1976,,,,0.2965,
2016-07-15,2016-07-18,risk_on_strong,low_stress,11448.947617072236,0.0515,0.0,,0.0515,0.3,0.0515,0.0515,,0.1976,,,,0.2965,
2016-07-22,2016-07-25,risk_on_strong,low_stress,11552.715718335337,0.0795,0.0,,0.0795,0.3,0.0795,0.0795,0.1909,0.1909,,,,,
2016-07-29,2016-08-01,risk_on_strong,low_stress,11635.699284627792,0.0909,0.0,,0.0909,0.0909,0.0909,0.0909,0.1818,0.1818,,0.1818,,,
2016-08-05,2016-08-08,risk_on_strong,low_stress,11764.412885996591,0.0909,0.0,,0.0909,0.0909,0.0909,0.0909,0.1818,0.1818,,0.1818,,,
2016-08-12,2016-08-15,risk_on_strong,low_stress,11924.929787463132,0.0909,0.0,,0.0909,0.0909,0.0909,0.0909,0.1818,0.1818,,0.1818,,,
2016-08-19,2016-08-22,risk_on_strong,low_stress,11873.52245747087,0.0909,0.0,,0.0909,0.0909,0.0909,0.0909,0.1818,0.1818,,0.1818,,,
2016-08-26,2016-08-29,risk_on_strong,low_stress,11801.132743040725,0.0909,0.0,,0.0909,0.0909,0.0909,0.0909,0.1818,0.1818,,0.1818,,,
2016-09-02,2016-09-06,risk_on_strong,low_stress,11828.4168233968,0.0909,0.0,,0.0909,0.0909,0.0909,0.0909,0.1818,0.1818,,0.1818,,,
2016-09-09,2016-09-12,risk_on_strong,low_stress,11438.46640142619,0.0698,0.0,,0.0698,0.0698,0.0698,0.0698,0.186,0.186,0.2791,,,,
2016-09-16,2016-09-19,risk_on_strong,low_stress,11517.362932687056,0.0909,0.0,,0.0909,0.0909,0.0909,0.0909,0.1818,0.1818,,0.1818,,,
2016-09-23,2016-09-26,risk_on_strong,low_stress,11631.338583782179,0.0909,0.0,,0.0909,0.0909,0.0909,0.0909,0.1818,0.1818,,0.1818,,,
2016-09-30,2016-10-03,risk_on_strong,low_stress,11792.042940346231,0.0909,0.0,,0.0909,0.0909,0.0909,0.0909,0.1818,0.1818,,0.1818,,,
2016-10-07,2016-10-10,risk_on_strong,low_stress,11706.76243078132,0.0909,0.0,,0.0909,0.0909,0.0909,0.0909,0.1818,0.1818,,0.1818,,,
2016-10-14,2016-10-17,risk_on_normal,low_stress,11638.275608428272,0.1008,0.031,,0.0698,0.0698,0.0698,0.1008,0.186,0.186,,0.186,,,
2016-10-21,2016-10-24,risk_on_normal,low_stress,11795.447711401937,0.0909,0.0,,0.0909,0.0909,0.0909,0.0909,0.1818,0.1818,,0.1818,,,
2016-10-28,2016-10-31,risk_on_normal,low_stress,11648.43100222736,0.0909,0.0,,0.0909,0.0909,0.0909,0.0909,0.1818,0.1818,,0.1818,,,
2016-11-04,2016-11-07,risk_on_normal,low_stress,11382.044598071217,0.0909,0.0,,0.0909,0.0909,0.0909,0.0909,0.1818,0.1818,,0.1818,,,
2016-11-11,2016-11-14,risk_on_normal,low_stress,11739.916615685117,0.0569,0.0325,,0.0244,0.0244,0.0244,0.0569,0.1951,,,,,0.2927,0.2927
2016-11-18,2016-11-21,risk_on_strong,low_stress,11884.73779056878,0.0735,0.0544,,0.0191,0.0191,0.0191,0.0735,0.1962,,,,,0.2726,0.2726
2016-11-25,2016-11-28,risk_on_strong,low_stress,11930.29476381203,0.0892,0.0751,,0.0141,0.0141,0.0141,0.0892,,,,0.1972,,0.2536,0.2536
2016-12-02,2016-12-05,risk_on_normal,low_stress,11898.545785378816,0.0997,0.089,,0.0107,0.0107,0.0107,0.0997,0.1979,,,,,0.2408,0.2408
2016-12-09,2016-12-12,risk_on_strong,low_stress,12171.089915551382,0.1059,0.0971,,0.0088,0.0088,0.0088,0.1059,0.1982,,,,,0.2333,0.2333
2016-12-16,2016-12-19,risk_on_strong,low_stress,12105.059713603348,0.1099,0.1025,,0.0075,0.0075,0.0075,0.1099,0.1985,,,,,0.2284,0.2284
2016-12-23,2016-12-27,risk_on_strong,low_stress,12102.724736784296,0.0801,0.0632,,0.017,0.017,0.017,0.0801,0.1966,,,,,0.2645,0.2645
2016-12-30,2017-01-03,risk_on_strong,low_stress,11979.041204765737,0.0596,0.0361,,0.0235,0.0235,0.0235,0.0596,0.1953,,,,,0.2894,0.2894
2017-01-06,2017-01-09,risk_on_strong,low_stress,12016.459176194683,0.0569,0.0325,,0.0244,0.0244,0.0244,0.0569,0.1951,,,,,0.2927,0.2927
2017-01-13,2017-01-17,risk_on_strong,low_stress,12088.092920874491,0.0569,0.0325,,0.0244,0.0244,0.0244,0.0569,0.1951,,,,,0.2927,0.2927
2017-01-20,2017-01-23,risk_on_strong,low_stress,12118.131490874319,0.0476,0.0,,0.0476,0.0476,0.0476,0.0476,0.1905,,,,,0.2857,0.2857
2017-01-27,2017-01-30,risk_on_strong,low_stress,12386.708970761387,0.0476,0.0,,0.0476,0.0476,0.0476,0.0476,0.1905,,,,,0.2857,0.2857
2017-02-03,2017-02-06,risk_on_strong,low_stress,12460.762835484587,0.0476,0.0,,0.0476,0.0476,0.0476,0.0476,,,,0.1905,,0.2857,0.2857
2017-02-10,2017-02-13,risk_on_strong,low_stress,12599.150515006506,0.0476,0.0,,0.0476,0.0476,0.0476,0.0476,,,0.2857,0.1905,,0.2857,
2017-02-17,2017-02-21,risk_on_strong,low_stress,12714.990690901377,0.0698,0.0,,0.0698,0.0698,0.0698,0.0698,,0.186,,0.186,,,0.2791
2017-02-24,2017-02-27,risk_on_strong,low_stress,12502.653262086764,0.0588,0.0,,0.0588,0.0588,0.0588,0.0588,,,0.2824,0.1882,0.2353,,
2017-03-03,2017-03-06,risk_on_strong,low_stress,12580.538192903272,0.0588,0.0,,0.0588,0.0588,0.0588,0.0588,,,0.2824,0.1882,0.2353,,
2017-03-10,2017-03-13,risk_on_strong,low_stress,12606.199737409072,0.0588,0.0,,0.0588,0.0588,0.0588,0.0588,,,0.2824,0.1882,0.2353,,
2017-03-17,2017-03-20,risk_on_strong,low_stress,12678.378518755624,0.0588,0.0,,0.0588,0.0588,0.0588,0.0588,,,0.2824,0.1882,0.2353,,
2017-03-24,2017-03-27,risk_on_strong,low_stress,12592.751169231915,0.0588,0.0,,0.0588,0.0588,0.0588,0.0588,,,0.2824,0.1882,0.2353,,
2017-03-31,2017-04-03,risk_on_strong,low_stress,12714.763699173529,0.0588,0.0,,0.0588,0.0588,0.0588,0.0588,,,0.2824,0.1882,0.2353,,
2017-04-07,2017-04-10,risk_on_strong,low_stress,12686.598357021674,0.0588,0.0,,0.0588,0.0588,0.0588,0.0588,,,0.2824,0.1882,0.2353,,
2017-04-13,2017-04-17,risk_on_strong,low_stress,12576.538514850205,0.0588,0.0,,0.0588,0.0588,0.0588,0.0588,,,0.2824,0.1882,0.2353,,
2017-04-21,2017-04-24,risk_on_strong,low_stress,12630.367400663825,0.0676,0.0,,0.0676,0.3,0.0676,0.0676,,,,0.1909,0.2386,,
2017-04-28,2017-05-01,risk_on_strong,low_stress,12704.294604431443,0.0676,0.0,,0.0676,0.3,0.0676,0.0676,,,,0.1909,0.2386,,
2017-05-05,2017-05-08,risk_on_strong,low_stress,12741.21257030078,0.0805,0.0,,0.0805,0.0805,0.0805,0.0805,0.1839,,,0.1839,0.2299,,
2017-05-12,2017-05-15,risk_on_strong,low_stress,12790.545265266326,0.0588,0.0,,0.0588,0.0588,0.0588,0.0588,,,0.2824,0.1882,0.2353,,
2017-05-19,2017-05-22,risk_on_strong,low_stress,12680.637346207253,0.0676,0.0,,0.0676,0.3,0.0676,0.0676,,,,0.1909,0.2386,,
2017-05-26,2017-05-30,risk_on_strong,low_stress,12800.615422966359,0.0859,0.0,,0.0859,0.2812,0.0859,0.0859,0.1875,,,0.1875,,,
2017-06-02,2017-06-05,risk_on_strong,low_stress,12961.90402492991,0.0859,0.0,,0.0859,0.2812,0.0859,0.0859,0.1875,,,0.1875,,,
2017-06-09,2017-06-12,risk_on_strong,low_stress,12784.29378205752,0.0859,0.0,,0.0859,0.2812,0.0859,0.0859,0.1875,,,0.1875,,,
2017-06-16,2017-06-19,risk_on_strong,low_stress,12746.445158836765,0.0676,0.0,,0.0676,0.3,0.0676,0.0676,0.1909,,,,0.2386,,
2017-06-23,2017-06-26,risk_on_strong,low_stress,12725.515657546202,0.0676,0.0,,0.0676,0.3,0.0676,0.0676,0.1909,,,,0.2386,,
2017-06-30,2017-07-03,risk_on_strong,low_stress,12561.410467958716,0.056,0.0,,0.056,0.296,0.056,0.056,0.192,,,,,,0.288
2017-07-07,2017-07-10,risk_on_strong,low_stress,12650.85372953369,0.056,0.0,,0.056,0.296,0.056,0.056,0.192,,,,,,0.288
2017-07-14,2017-07-17,risk_on_strong,low_stress,12801.448174658859,0.0676,0.0,,0.0676,0.3,0.0676,0.0676,0.1909,,,,0.2386,,
2017-07-21,2017-07-24,risk_on_strong,low_stress,12896.679914336912,0.0676,0.0,,0.0676,0.3,0.0676,0.0676,0.1909,,,,0.2386,,
2017-07-28,2017-07-31,risk_on_strong,low_stress,12855.92595566722,0.056,0.0,,0.056,0.296,0.056,0.056,0.192,,,,,,0.288
2017-08-04,2017-08-07,risk_on_strong,low_stress,12921.044720724381,0.056,0.0,,0.056,0.296,0.056,0.056,0.192,,,,,,0.288
2017-08-11,2017-08-14,risk_on_strong,low_stress,12762.35562072041,0.0795,0.0,,0.0795,0.3,0.0795,0.0795,0.1909,0.1909,,,,,
2017-08-18,2017-08-21,risk_on_strong,low_stress,12542.797030941882,0.0698,0.0,,0.0698,0.0698,0.0698,0.0698,0.186,0.186,,,,,0.2791
2017-08-25,2017-08-28,risk_on_strong,low_stress,12685.18920937177,0.0698,0.0,,0.0698,0.0698,0.0698,0.0698,,0.186,,0.186,,,0.2791
2017-09-01,2017-09-05,risk_on_strong,low_stress,12859.657767871347,0.0698,0.0,,0.0698,0.0698,0.0698,0.0698,,0.186,,0.186,,,0.2791
2017-09-08,2017-09-11,risk_on_strong,low_stress,12759.939222776871,0.0909,0.0,,0.0909,0.0909,0.0909,0.0909,0.1818,0.1818,,0.1818,,,
2017-09-15,2017-09-18,risk_on_strong,low_stress,12913.047807100134,0.0909,0.0,,0.0909,0.0909,0.0909,0.0909,0.1818,0.1818,,0.1818,,,
2017-09-22,2017-09-25,risk_on_strong,low_stress,12646.095235934357,0.05,0.0,,0.05,0.3,0.05,0.05,,0.2,,,,,0.3
2017-09-29,2017-10-02,risk_on_strong,low_stress,12886.55995137733,0.0698,0.0,,0.0698,0.0698,0.0698,0.0698,0.186,0.186,0.2791,,,,
2017-10-06,2017-10-09,risk_on_strong,low_stress,13031.977037578106,0.0698,0.0,,0.0698,0.0698,0.0698,0.0698,0.186,0.186,0.2791,,,,
2017-10-13,2017-10-16,risk_on_strong,low_stress,13231.561484438203,0.0795,0.0,,0.0795,0.3,0.0795,0.0795,0.1909,0.1909,,,,,
2017-10-20,2017-10-23,risk_on_strong,low_stress,13328.441714975173,0.0795,0.0,,0.0795,0.3,0.0795,0.0795,0.1909,0.1909,,,,,
2017-10-27,2017-10-30,risk_on_strong,low_stress,13613.186997956658,0.0795,0.0,,0.0795,0.3,0.0795,0.0795,0.1909,0.1909,,,,,
2017-11-03,2017-11-06,risk_on_strong,low_stress,13718.313983814573,0.0698,0.0,,0.0698,0.0698,0.0698,0.0698,0.186,0.186,0.2791,,,,
2017-11-10,2017-11-13,risk_on_strong,low_stress,13762.49788916953,0.0698,0.0,,0.0698,0.0698,0.0698,0.0698,0.186,0.186,0.2791,,,,
2017-11-17,2017-11-20,risk_on_strong,low_stress,13714.44995830424,0.0698,0.0,,0.0698,0.0698,0.0698,0.0698,0.186,0.186,0.2791,,,,
2017-11-24,2017-11-27,risk_on_strong,low_stress,13854.264823504052,0.0698,0.0,,0.0698,0.0698,0.0698,0.0698,0.186,0.186,0.2791,,,,
2017-12-01,2017-12-04,risk_on_strong,low_stress,13629.224351358183,0.0698,0.0,,0.0698,0.0698,0.0698,0.0698,0.186,0.186,,,,,0.2791
2017-12-08,2017-12-11,risk_on_strong,low_stress,13791.400443563536,0.0698,0.0,,0.0698,0.0698,0.0698,0.0698,0.186,0.186,,,,,0.2791
2017-12-15,2017-12-18,risk_on_strong,low_stress,13823.36349454475,0.0698,0.0,,0.0698,0.0698,0.0698,0.0698,0.186,,,0.186,,,0.2791
2017-12-22,2017-12-26,risk_on_strong,low_stress,13761.455918034617,0.0909,0.0,,0.0909,0.0909,0.0909,0.0909,0.1818,0.1818,,0.1818,,,
2017-12-29,2018-01-02,risk_on_strong,low_stress,13707.627498018193,0.0698,0.0,,0.0698,0.0698,0.0698,0.0698,0.186,,0.2791,0.186,,,
2018-01-05,2018-01-08,risk_on_strong,low_stress,13952.220596877296,0.0909,0.0,,0.0909,0.0909,0.0909,0.0909,0.1818,0.1818,,0.1818,,,
2018-01-12,2018-01-16,risk_on_strong,low_stress,14102.5542571481,0.0909,0.0,,0.0909,0.0909,0.0909,0.0909,0.1818,0.1818,,0.1818,,,
2018-01-19,2018-01-22,risk_on_strong,low_stress,14350.397510787077,0.0909,0.0,,0.0909,0.0909,0.0909,0.0909,0.1818,0.1818,,0.1818,,,
2018-01-26,2018-01-29,risk_on_strong,low_stress,14510.76921820388,0.0805,0.0,,0.0805,0.0805,0.0805,0.0805,0.1839,0.1839,,,0.2299,,
2018-02-02,2018-02-05,risk_on_strong,low_stress,14075.798275896403,0.0698,0.0,,0.0698,0.0698,0.0698,0.0698,0.186,0.186,,,,,0.2791
2018-02-09,2018-02-12,risk_on_strong,low_stress,14238.158974386897,0.0794,0.0317,,0.0476,0.0476,0.0476,0.0794,0.1905,0.1905,,,,,0.2857
2018-02-16,2018-02-20,risk_on_strong,low_stress,14738.506170260276,0.0931,0.0576,,0.0355,0.0355,0.0355,0.0931,0.1929,0.1929,,,,,0.2639
2018-02-23,2018-02-26,risk_on_strong,low_stress,14794.393546496645,0.1071,0.0839,,0.0232,0.0232,0.0232,0.1071,0.1954,0.1954,,,,,0.2417
2018-03-02,2018-03-05,risk_on_strong,low_stress,14418.372027197938,0.1182,0.1048,,0.0134,0.0134,0.0134,0.1182,0.1973,0.1973,,,0.2241,,
2018-03-09,2018-03-12,risk_on_strong,low_stress,14742.832843215629,0.1256,0.1189,,0.0068,0.0068,0.0068,0.1256,0.1986,0.1986,,,0.2122,,
2018-03-16,2018-03-19,risk_on_strong,low_stress,14617.27327596875,0.127,0.1214,,0.0056,0.0056,0.0056,0.127,0.1989,0.1989,,,0.2101,,
2018-03-23,2018-03-26,risk_on_normal,low_stress,14213.72428429433,0.1106,0.0905,,0.0201,0.2562,0.0201,0.1106,0.196,0.196,,,,,
2018-03-29,2018-04-02,risk_on_normal,low_stress,13909.56617907696,0.1014,0.0912,,0.0102,0.2489,0.0102,0.1014,0.198,,,,0.2387,,
2018-04-06,2018-04-09,risk_on_normal,low_stress,13984.182282135682,0.252,0.2276,,0.0244,0.0244,0.0244,0.252,0.1951,,,,,,
2018-04-13,2018-04-16,risk_on_normal,low_stress,14071.439544100205,0.252,0.2276,,0.0244,0.0244,0.0244,0.252,0.1951,,,,,,
2018-04-20,2018-04-23,risk_on_normal,low_stress,14034.362380071154,0.252,0.2276,,0.0244,0.0244,0.0244,0.252,0.1951,,,,,,
2018-04-27,2018-04-30,risk_on_normal,low_stress,14052.25318497476,0.252,0.2276,,0.0244,0.0244,0.0244,0.252,0.1951,,,,,,
2018-05-04,2018-05-07,risk_on_normal,low_stress,14096.244808779198,0.095,0.0612,,0.0338,0.0338,0.0338,0.095,0.1932,,0.2609,0.1932,,,
2018-05-11,2018-05-14,risk_on_strong,low_stress,14319.701099707598,0.1046,0.0431,,0.0616,0.0616,0.0616,0.1046,0.1877,0.1877,,0.1877,,,
2018-05-18,2018-05-21,risk_on_normal,low_stress,14106.589220539048,0.0799,0.0327,,0.0472,0.0472,0.0472,0.0799,0.1906,,,0.1906,,0.2849,
2018-05-25,2018-05-29,risk_on_normal,low_stress,14120.63711141543,0.0794,0.0317,,0.0476,0.0476,0.0476,0.0794,0.1905,,,0.1905,,0.2857,
2018-06-01,2018-06-04,risk_on_strong,low_stress,14297.894314262296,0.1008,0.031,,0.0698,0.0698,0.0698,0.1008,0.186,0.186,,0.186,,,
2018-06-08,2018-06-11,risk_on_strong,low_stress,14308.84765958681,0.0909,0.0,,0.0909,0.0909,0.0909,0.0909,0.1818,0.1818,,0.1818,,,
2018-06-15,2018-06-18,risk_on_strong,low_stress,14288.733369234165,0.0909,0.0,,0.0909,0.0909,0.0909,0.0909,0.1818,0.1818,,0.1818,,,
2018-06-22,2018-06-25,risk_on_strong,low_stress,14036.362707507275,0.0698,0.0,,0.0698,0.0698,0.0698,0.0698,0.186,,,0.186,,0.2791,
2018-06-29,2018-07-02,risk_on_strong,low_stress,14041.221147006681,0.0805,0.0,,0.0805,0.0805,0.0805,0.0805,0.1839,,,0.1839,0.2299,,
2018-07-06,2018-07-09,risk_on_strong,low_stress,14174.512289071541,0.0698,0.0,,0.0698,0.0698,0.0698,0.0698,0.186,0.186,,,,0.2791,
2018-07-13,2018-07-16,risk_on_strong,low_stress,14223.315471770244,0.0805,0.0,,0.0805,0.0805,0.0805,0.0805,0.1839,,,0.1839,0.2299,,
2018-07-20,2018-07-23,risk_on_strong,low_stress,14252.359015023932,0.0909,0.0,,0.0909,0.0909,0.0909,0.0909,0.1818,0.1818,,0.1818,,,
2018-07-27,2018-07-30,risk_on_strong,low_stress,14269.154519015945,0.0909,0.0,,0.0909,0.0909,0.0909,0.0909,0.1818,0.1818,,0.1818,,,
2018-08-03,2018-08-06,risk_on_strong,low_stress,14706.586966002016,0.0805,0.0,,0.0805,0.0805,0.0805,0.0805,0.1839,,,0.1839,0.2299,,
2018-08-10,2018-08-13,risk_on_strong,low_stress,14705.687287899982,0.0805,0.0,,0.0805,0.0805,0.0805,0.0805,0.1839,,,0.1839,0.2299,,
2018-08-17,2018-08-20,risk_on_strong,low_stress,14832.160901720597,0.0805,0.0,,0.0805,0.0805,0.0805,0.0805,0.1839,,,0.1839,0.2299,,
2018-08-24,2018-08-27,risk_on_strong,low_stress,14974.774168258928,0.0909,0.0,,0.0909,0.0909,0.0909,0.0909,0.1818,0.1818,,0.1818,,,
2018-08-31,2018-09-04,risk_on_strong,low_stress,15206.525482972029,0.0805,0.0,,0.0805,0.0805,0.0805,0.0805,0.1839,,,0.1839,0.2299,,
2018-09-07,2018-09-10,risk_on_strong,low_stress,14909.422433265816,0.0909,0.0,,0.0909,0.0909,0.0909,0.0909,0.1818,0.1818,,0.1818,,,
2018-09-14,2018-09-17,risk_on_strong,low_stress,15129.636284726692,0.0859,0.0,,0.2812,0.0859,0.0859,0.0859,0.1875,,,0.1875,,,
2018-09-21,2018-09-24,risk_on_strong,low_stress,15255.018697698126,0.0909,0.0,,0.0909,0.0909,0.0909,0.0909,0.1818,0.1818,,0.1818,,,
2018-09-28,2018-10-01,risk_on_strong,low_stress,15471.676497096667,0.0909,0.0,,0.0909,0.0909,0.0909,0.0909,0.1818,0.1818,,0.1818,,,
2018-10-05,2018-10-08,risk_on_strong,low_stress,15105.98143045093,0.0909,0.0,,0.0909,0.0909,0.0909,0.0909,0.1818,0.1818,,0.1818,,,
2018-10-12,2018-10-15,risk_on_normal,low_stress,14722.90957066306,0.1746,0.127,,0.0476,0.0476,0.0476,0.1746,0.1905,,,0.1905,,,
2018-10-19,2018-10-22,risk_on_normal,low_stress,14785.594524736765,0.1746,0.127,,0.0476,0.0476,0.0476,0.1746,0.1905,,,0.1905,,,
2018-10-26,2018-10-29,defensive,low_stress,14632.22775608832,0.3,0.3,,0.0333,0.0333,0.0333,0.3,,,,,,,
2018-11-02,2018-11-05,defensive,low_stress,14643.472149890538,0.3,0.3,,0.0333,0.0333,0.0333,0.3,,,,,,,
2018-11-09,2018-11-12,mixed,low_stress,14603.962555226757,0.3,0.3,,0.0333,0.0333,0.0333,0.3,,,,,,,
2018-11-16,2018-11-19,defensive,low_stress,14720.603019241049,0.3,0.3,,0.0333,0.0333,0.0333,0.3,,,,,,,
2018-11-23,2018-11-26,defensive,low_stress,14694.551086858202,0.3,0.3,,0.0333,0.0333,0.0333,0.3,,,,,,,
2018-11-30,2018-12-03,mixed,low_stress,14767.954455213508,0.3,0.3,,0.0333,0.0333,0.0333,0.3,,,,,,,
2018-12-07,2018-12-10,defensive,low_stress,14816.783771111377,0.3,0.3,,0.0333,0.0333,0.0333,0.3,,,,,,,
2018-12-14,2018-12-17,crash_risk,low_stress,14763.74423884408,0.3,0.3,,0.0333,0.0333,0.0333,0.3,,,,,,,
2018-12-21,2018-12-24,crash_risk,low_stress,14755.987955412213,0.3,0.3,,0.0333,0.0333,0.0333,0.3,,,,,,,
2018-12-28,2018-12-31,crash_risk,low_stress,14897.602907421808,0.3,0.3,,0.0333,0.0333,0.0333,0.3,,,,,,,
2019-01-04,2019-01-07,crash_risk,low_stress,14917.81707615513,0.3,0.3,,0.0333,0.0333,0.0333,0.3,,,,,,,
2019-01-11,2019-01-14,crash_risk,low_stress,14948.279778388462,0.3,0.3,,0.0333,0.0333,0.0333,0.3,,,,,,,
2019-01-18,2019-01-22,defensive,low_stress,14923.131095312001,0.3,0.3,,0.0333,0.0333,0.0333,0.3,,,,,,,
2019-01-25,2019-01-28,defensive,low_stress,14988.749608877231,0.3,0.3,,0.0333,0.0333,0.0333,0.3,,,,,,,
2019-02-01,2019-02-04,mixed,low_stress,15096.104818582073,0.3,0.3,,0.0333,0.0333,0.0333,0.3,,,,,,,
2019-02-08,2019-02-11,defensive,low_stress,15144.451605557731,0.3,0.3,,0.0333,0.0333,0.0333,0.3,,,,,,,
2019-02-15,2019-02-19,risk_on_strong,low_stress,15194.583018036743,0.0415,0.0,,0.2996,0.0415,0.0415,0.0415,,,0.2915,,0.2429,,
2019-02-22,2019-02-25,risk_on_strong,low_stress,15288.355924679372,0.0588,0.0,,0.0588,0.0588,0.0588,0.0588,0.1882,,0.2824,,0.2353,,
2019-03-01,2019-03-04,risk_on_strong,low_stress,15331.439925947823,0.0361,0.0,,0.0361,0.0361,0.0361,0.0361,,,0.2892,,0.241,0.2892,
2019-03-08,2019-03-11,risk_on_normal,low_stress,15005.309814570004,0.056,0.0,,0.296,0.056,0.056,0.056,0.192,,0.288,,,,
2019-03-15,2019-03-18,risk_on_strong,low_stress,15276.913925154891,0.0361,0.0,,0.0361,0.0361,0.0361,0.0361,,,0.2892,,0.241,,0.2892
2019-03-22,2019-03-25,risk_on_strong,low_stress,15010.370837697747,0.0588,0.0,,0.0588,0.0588,0.0588,0.0588,,,0.2824,0.1882,0.2353,,
2019-03-29,2019-04-01,risk_on_strong,low_stress,15119.631029745324,0.0698,0.0,,0.0698,0.0698,0.0698,0.0698,0.186,,0.2791,0.186,,,
2019-04-05,2019-04-08,risk_on_strong,low_stress,15293.519254150808,0.0698,0.0,,0.0698,0.0698,0.0698,0.0698,0.186,,0.2791,0.186,,,
2019-04-12,2019-04-15,risk_on_strong,low_stress,15338.345346634966,0.0698,0.0,,0.0698,0.0698,0.0698,0.0698,0.186,,0.2791,0.186,,,
2019-04-18,2019-04-22,risk_on_strong,low_stress,15482.426814610346,0.0698,0.0,,0.0698,0.0698,0.0698,0.0698,0.186,,0.2791,0.186,,,
2019-04-26,2019-04-29,risk_on_strong,low_stress,15715.46285769583,0.0698,0.0,,0.0698,0.0698,0.0698,0.0698,0.186,,0.2791,0.186,,,
2019-05-03,2019-05-06,risk_on_strong,low_stress,15824.38797184611,0.0698,0.0,,0.0698,0.0698,0.0698,0.0698,0.186,,0.2791,0.186,,,
2019-05-10,2019-05-13,risk_on_strong,low_stress,15510.499430999262,0.0698,0.0,,0.0698,0.0698,0.0698,0.0698,0.186,,0.2791,0.186,,,
2019-05-17,2019-05-20,risk_on_strong,low_stress,15835.734822731569,0.0588,0.0,,0.0588,0.0588,0.0588,0.0588,0.1882,,0.2824,,0.2353,,
2019-05-24,2019-05-28,risk_on_strong,low_stress,15756.550757831064,0.056,0.0,,0.056,0.296,0.056,0.056,0.192,,0.288,,,,
2019-05-31,2019-06-03,mixed,low_stress,15570.497896205663,0.3,0.3,,0.0333,0.0333,0.0333,0.3,,,,,,,
2019-06-07,2019-06-10,risk_on_strong,low_stress,15675.826545435442,0.056,0.0,,0.056,0.296,0.056,0.056,0.192,,0.288,,,,
2019-06-14,2019-06-17,risk_on_strong,low_stress,15631.014202235378,0.056,0.0,,0.056,0.296,0.056,0.056,0.192,,0.288,,,,
2019-06-21,2019-06-24,risk_on_strong,low_stress,16016.960083438154,0.056,0.0,,0.056,0.296,0.056,0.056,0.192,,,,,,0.288
2019-06-28,2019-07-01,risk_on_strong,low_stress,15954.56688367185,0.056,0.0,,0.056,0.296,0.056,0.056,0.192,,,,,,0.288
2019-07-05,2019-07-08,risk_on_strong,low_stress,16118.763204675442,0.056,0.0,,0.056,0.296,0.056,0.056,0.192,,,,,,0.288
2019-07-12,2019-07-15,risk_on_strong,low_stress,16304.30640211847,0.056,0.0,,0.056,0.296,0.056,0.056,0.192,,0.288,,,,
2019-07-19,2019-07-22,risk_on_strong,low_stress,16147.976956565852,0.056,0.0,,0.056,0.296,0.056,0.056,0.192,,0.288,,,,
2019-07-26,2019-07-29,risk_on_strong,low_stress,16324.245242983076,0.056,0.0,,0.056,0.296,0.056,0.056,0.192,,0.288,,,,
2019-08-02,2019-08-05,risk_on_normal,low_stress,15863.388257812709,0.056,0.0,,0.056,0.296,0.056,0.056,0.192,,0.288,,,,
2019-08-09,2019-08-12,risk_on_strong,low_stress,16406.137020655064,0.0859,0.0,,0.0859,0.2812,0.0859,0.0859,0.1875,,,0.1875,,,
2019-08-16,2019-08-19,risk_on_strong,low_stress,16544.869829601696,0.0794,0.0317,,0.0476,0.0476,0.0476,0.0794,0.1905,,0.2857,0.1905,,,
2019-08-23,2019-08-26,risk_on_strong,low_stress,16151.447144238648,0.1012,0.0322,,0.069,0.069,0.069,0.1012,0.1862,0.1862,,0.1862,,,
2019-08-30,2019-09-03,risk_on_strong,low_stress,16322.633880260571,0.1079,0.0533,,0.0546,0.0546,0.0546,0.1079,0.1891,0.1891,,0.1891,,,
2019-09-06,2019-09-09,risk_on_strong,low_stress,16765.051435746,0.0998,0.0701,,0.0296,0.0296,0.0296,0.0998,,0.1941,0.2533,0.1941,,,
2019-09-13,2019-09-16,risk_on_strong,low_stress,16830.249481526535,0.1051,0.0801,,0.0249,0.0249,0.0249,0.1051,,0.195,0.2449,0.195,,,
2019-09-20,2019-09-23,risk_on_strong,low_stress,16668.856263607613,0.0995,0.0696,,0.0299,0.0299,0.0299,0.0995,,0.194,,0.194,,,0.2538
2019-09-27,2019-09-30,risk_on_strong,low_stress,16557.853001561318,0.11,0.06,,0.05,0.05,0.05,0.11,0.19,0.19,,0.19,,,
2019-10-04,2019-10-07,risk_on_normal,low_stress,16775.23570265514,0.1055,0.0458,,0.0597,0.0597,0.0597,0.1055,0.1881,0.1881,,0.1881,,,
2019-10-11,2019-10-14,risk_on_normal,low_stress,16984.340806001637,0.1008,0.031,,0.0698,0.0698,0.0698,0.1008,0.186,0.186,,0.186,,,
2019-10-18,2019-10-21,risk_on_normal,low_stress,17014.613171014247,0.1746,0.127,,0.0476,0.0476,0.0476,0.1746,,0.1905,,0.1905,,,
2019-10-25,2019-10-28,risk_on_strong,low_stress,17267.8162614916,0.0794,0.0317,,0.0476,0.0476,0.0476,0.0794,,0.1905,0.2857,0.1905,,,
2019-11-01,2019-11-04,risk_on_strong,low_stress,17379.3537199107,0.0794,0.0317,,0.0476,0.0476,0.0476,0.0794,,0.1905,0.2857,0.1905,,,
2019-11-08,2019-11-11,risk_on_strong,low_stress,17380.80301837679,0.0698,0.0,,0.0698,0.0698,0.0698,0.0698,,0.186,,0.186,,,0.2791
2019-11-15,2019-11-18,risk_on_strong,low_stress,17420.810960965573,0.0698,0.0,,0.0698,0.0698,0.0698,0.0698,,0.186,,0.186,,,0.2791
2019-11-22,2019-11-25,risk_on_strong,low_stress,17334.370720537758,0.0698,0.0,,0.0698,0.0698,0.0698,0.0698,,0.186,,0.186,,,0.2791
2019-11-29,2019-12-02,risk_on_strong,low_stress,17318.750286700433,0.0698,0.0,,0.0698,0.0698,0.0698,0.0698,,0.186,,0.186,,,0.2791
2019-12-06,2019-12-09,risk_on_strong,low_stress,17531.89390993896,0.0909,0.0,,0.0909,0.0909,0.0909,0.0909,0.1818,0.1818,,0.1818,,,
2019-12-13,2019-12-16,risk_on_strong,low_stress,17924.273448463075,0.0909,0.0,,0.0909,0.0909,0.0909,0.0909,0.1818,0.1818,,0.1818,,,
2019-12-20,2019-12-23,risk_on_strong,low_stress,18216.093183142446,0.0909,0.0,,0.0909,0.0909,0.0909,0.0909,0.1818,0.1818,,0.1818,,,
2019-12-27,2019-12-30,risk_on_strong,low_stress,18348.66804599127,0.0909,0.0,,0.0909,0.0909,0.0909,0.0909,0.1818,0.1818,,0.1818,,,
2020-01-03,2020-01-06,risk_on_strong,low_stress,18553.635297938858,0.0909,0.0,,0.0909,0.0909,0.0909,0.0909,0.1818,0.1818,,0.1818,,,
2020-01-10,2020-01-13,risk_on_strong,low_stress,18844.616068774143,0.0698,0.0,,0.0698,0.0698,0.0698,0.0698,,0.186,0.2791,0.186,,,
2020-01-17,2020-01-21,risk_on_strong,low_stress,18978.365664849593,0.0909,0.0,,0.0909,0.0909,0.0909,0.0909,0.1818,0.1818,,0.1818,,,
2020-01-24,2020-01-27,risk_on_strong,low_stress,18993.167966993777,0.0698,0.0,,0.0698,0.0698,0.0698,0.0698,,0.186,0.2791,0.186,,,
2020-01-31,2020-02-03,risk_on_strong,low_stress,18939.483633303043,0.0909,0.0,,0.0909,0.0909,0.0909,0.0909,0.1818,0.1818,,0.1818,,,
2020-02-07,2020-02-10,risk_on_strong,low_stress,19500.599066777962,0.1008,0.031,,0.0698,0.0698,0.0698,0.1008,0.186,0.186,,0.186,,,
2020-02-14,2020-02-18,risk_on_strong,low_stress,19900.97222615312,0.1008,0.031,,0.0698,0.0698,0.0698,0.1008,0.186,0.186,,0.186,,,
2020-02-21,2020-02-24,risk_on_strong,low_stress,19665.713341150506,0.1019,0.0344,,0.0674,0.0674,0.0674,0.1019,0.1865,0.1865,,0.1865,,,
2020-02-28,2020-03-02,crash_risk,low_stress,18690.503173361045,0.3,0.3,,0.0333,0.0333,0.0333,0.3,,,,,,,
2020-03-06,2020-03-09,crash_risk,low_stress,19168.79565335921,0.3,0.3,,0.0333,0.0333,0.0333,0.3,,,,,,,
2020-03-13,2020-03-16,crash_risk,low_stress,18370.045067246156,0.3,0.3,,0.0333,0.0333,0.0333,0.3,,,,,,,
2020-03-20,2020-03-23,crash_risk,low_stress,18167.42829235521,0.3,0.3,,0.0333,0.0333,0.0333,0.3,,,,,,,
2020-03-27,2020-03-30,crash_risk,low_stress,18698.292512756623,0.3,0.3,,0.0333,0.0333,0.0333,0.3,,,,,,,
2020-04-03,2020-04-06,crash_risk,low_stress,18614.702721300357,0.3,0.3,,0.0333,0.0333,0.0333,0.3,,,,,,,
2020-04-09,2020-04-13,crash_risk,low_stress,18751.71595251257,0.3,0.3,,0.0333,0.0333,0.0333,0.3,,,,,,,
2020-04-17,2020-04-20,crash_risk,low_stress,18788.69716216588,0.3,0.3,,0.0333,0.0333,0.0333,0.3,,,,,,,
2020-04-24,2020-04-27,crash_risk,low_stress,18895.599063913403,0.3,0.3,,0.0333,0.0333,0.0333,0.3,,,,,,,
2020-05-01,2020-05-04,crash_risk,low_stress,18813.425996225662,0.3,0.3,,0.0333,0.0333,0.0333,0.3,,,,,,,
2020-05-08,2020-05-11,crash_risk,low_stress,18867.019052959524,0.3,0.3,,0.0333,0.0333,0.0333,0.3,,,,,,,
2020-05-15,2020-05-18,crash_risk,low_stress,19036.237875186842,0.3,0.3,,0.0333,0.0333,0.0333,0.3,,,,,,,
2020-05-22,2020-05-26,mixed,low_stress,19086.824073493448,0.3,0.3,,0.0333,0.0333,0.0333,0.3,,,,,,,
2020-05-29,2020-06-01,risk_on_strong,low_stress,19221.49141503193,0.3,0.3,,0.0333,0.0333,0.0333,0.3,,,,,,,
2020-06-05,2020-06-08,risk_on_strong,low_stress,18966.007083062294,0.3,0.3,,0.0333,0.0333,0.0333,0.3,,,,,,,
2020-06-12,2020-06-15,risk_on_strong,low_stress,19054.273891011475,0.3,0.3,,0.0333,0.0333,0.0333,0.3,,,,,,,
2020-06-19,2020-06-22,risk_on_strong,low_stress,19126.374675871557,0.056,0.0,,0.056,0.296,0.056,0.056,,,0.288,0.192,,,
2020-06-26,2020-06-29,risk_on_strong,low_stress,18742.138232959485,0.0588,0.0,,0.0588,0.0588,0.0588,0.0588,,,0.2824,0.1882,0.2353,,
2020-07-02,2020-07-06,risk_on_strong,low_stress,19167.616651890206,0.0588,0.0,,0.0588,0.0588,0.0588,0.0588,,,0.2824,0.1882,0.2353,,
2020-07-10,2020-07-13,risk_on_strong,low_stress,19428.037439406893,0.0805,0.0,,0.0805,0.0805,0.0805,0.0805,,0.1839,,0.1839,0.2299,,
2020-07-17,2020-07-20,risk_on_strong,low_stress,19650.464130742508,0.0805,0.0,,0.0805,0.0805,0.0805,0.0805,,0.1839,,0.1839,0.2299,,
2020-07-24,2020-07-27,risk_on_strong,low_stress,19132.221880925757,0.0902,0.0314,,0.0588,0.0588,0.0588,0.0902,,0.1882,,0.1882,0.2353,,
2020-07-31,2020-08-03,risk_on_strong,low_stress,19790.332917448668,0.0919,0.037,,0.0549,0.0549,0.0549,0.0919,,0.189,,0.189,0.2363,,
2020-08-07,2020-08-10,risk_on_strong,low_stress,20058.02393466503,0.0948,0.0461,,0.0487,0.0487,0.0487,0.0948,,0.1903,,0.1903,0.2378,,
2020-08-14,2020-08-17,risk_on_strong,low_stress,20231.056366532608,0.1006,0.0648,,0.0358,0.0358,0.0358,0.1006,,0.1928,,0.1928,0.2411,,
2020-08-21,2020-08-24,risk_on_strong,low_stress,20751.202226056983,0.1054,0.0802,,0.0251,0.0251,0.0251,0.1054,,0.195,,0.195,0.2437,,
2020-08-28,2020-08-31,risk_on_strong,low_stress,21069.69748835963,0.1074,0.0846,,0.0229,0.0229,0.0229,0.1074,,0.1954,0.2411,0.1954,,,
2020-09-04,2020-09-08,risk_on_strong,low_stress,20285.986663303374,0.121,0.11,,0.0109,0.0109,0.0109,0.121,,0.1978,,0.1978,0.2197,,
2020-09-11,2020-09-14,risk_on_strong,low_stress,20379.596803680466,0.1319,0.1307,,0.0012,0.0012,0.0012,0.1319,,0.1998,,0.1998,0.2022,,
2020-09-18,2020-09-21,risk_on_strong,low_stress,19711.238059941938,0.1412,0.1412,,,0.1921,,0.1412,,,,0.1921,0.1921,,
2020-09-25,2020-09-28,risk_on_strong,low_stress,19798.46651143701,0.1514,0.1514,,,0.182,,0.1514,,,,0.182,0.182,,
2020-10-02,2020-10-05,risk_on_strong,low_stress,19705.661981259225,0.1569,0.1569,,,0.1764,,0.1569,,,0.1764,,,0.1764,
2020-10-09,2020-10-12,risk_on_strong,low_stress,20007.65604329824,0.1589,0.1589,,,0.1744,,0.1589,,,0.1744,,,0.1744,
2020-10-16,2020-10-19,risk_on_strong,low_stress,19815.790598894157,0.1271,0.1271,,,,,0.1271,,,0.2063,,0.2063,0.2063,
2020-10-23,2020-10-26,risk_on_strong,low_stress,19867.5854830775,0.1024,0.1024,,,,,0.1024,,,0.2309,,0.2309,0.2309,
2020-10-30,2020-11-02,risk_on_normal,low_stress,19248.95397256261,0.2333,0.2333,,,,,0.2333,,,,,,0.3,
2020-11-06,2020-11-09,risk_on_strong,low_stress,19652.558676331944,0.0921,0.0775,,0.0146,0.2656,0.0146,0.0921,0.1971,,,,0.2463,,
2020-11-13,2020-11-16,risk_on_strong,low_stress,19713.41624440963,0.0714,0.0714,,0.262,,,0.0714,,,,,,0.262,0.262
2020-11-20,2020-11-23,risk_on_strong,low_stress,19517.23719773556,0.0639,0.0639,,0.2694,,,0.0639,,,,,,0.2694,0.2694
2020-11-27,2020-11-30,risk_on_strong,low_stress,19830.35570245144,0.065,0.065,,0.2684,,,0.065,,,,,,0.2684,0.2684
2020-12-04,2020-12-07,risk_on_strong,low_stress,20386.61836514353,0.0613,0.0541,,0.0072,0.0072,0.0072,0.0613,,,,,0.2482,0.2769,0.2769
2020-12-11,2020-12-14,risk_on_strong,low_stress,20276.1762616806,0.0557,0.0468,,0.009,0.009,0.009,0.0557,,,,,0.2478,0.2836,0.2836
2020-12-18,2020-12-21,risk_on_strong,low_stress,20653.48460255882,0.051,0.0406,,0.0105,0.0105,0.0105,0.051,,,,,0.2474,0.2893,0.2893
2020-12-24,2020-12-28,risk_on_strong,low_stress,20821.953176678882,0.0574,0.0332,,0.0242,0.0242,0.0242,0.0574,,,,0.1952,,0.292,0.292
2020-12-31,2021-01-04,risk_on_strong,low_stress,20741.79883676734,0.0569,0.0325,,0.0244,0.0244,0.0244,0.0569,,,,0.1951,,0.2927,0.2927
2021-01-08,2021-01-11,risk_on_strong,low_stress,21639.95040557105,0.0569,0.0325,,0.0244,0.0244,0.0244,0.0569,,,,0.1951,,0.2927,0.2927
2021-01-15,2021-01-19,risk_on_strong,low_stress,21626.452729788565,0.0268,0.0,,0.3,0.0268,0.0268,0.0268,,,,,,0.2965,0.2965
2021-01-22,2021-01-25,risk_on_strong,low_stress,21611.926971627134,0.0476,0.0,,0.0476,0.0476,0.0476,0.0476,,,,0.1905,,0.2857,0.2857
2021-01-29,2021-02-01,risk_on_strong,low_stress,20665.96372389511,0.0569,0.0325,,0.0244,0.0244,0.0244,0.0569,,,,0.1951,,0.2927,0.2927
2021-02-05,2021-02-08,risk_on_strong,low_stress,21394.303215812466,0.0569,0.0325,,0.0244,0.0244,0.0244,0.0569,,,,0.1951,,0.2927,0.2927
2021-02-12,2021-02-16,risk_on_strong,low_stress,21382.673851558608,0.0333,0.0333,,,0.3,,0.0333,,,,,,0.3,0.3
2021-02-19,2021-02-22,risk_on_strong,low_stress,21320.154839532996,0.0333,0.0333,,,0.3,,0.0333,,,,,,0.3,0.3
2021-02-26,2021-03-01,risk_on_strong,low_stress,20832.5574862298,0.0639,0.0418,,0.0222,0.0222,0.0222,0.0639,0.1956,,,,,0.2842,0.2842
2021-03-05,2021-03-08,risk_on_strong,low_stress,20516.79747300837,0.075,0.0564,,0.0186,0.0186,0.0186,0.075,0.1963,,,,,0.2707,0.2707
2021-03-12,2021-03-15,risk_on_strong,low_stress,21229.507618427404,0.081,0.0643,,0.0167,0.0167,0.0167,0.081,0.1967,,,,,0.2635,0.2635
2021-03-19,2021-03-22,risk_on_strong,low_stress,20888.286521047998,0.0695,0.0695,,0.2639,,,0.0695,,,,,,0.2639,0.2639
2021-03-26,2021-03-29,risk_on_strong,low_stress,20951.472284543775,0.079,0.079,,0.2543,,,0.079,,,,,,0.2543,0.2543
2021-04-01,2021-04-05,risk_on_strong,low_stress,21319.877922157324,0.0947,0.0823,,0.0123,0.0123,0.0123,0.0947,0.1975,,,,,0.2469,0.2469
2021-04-09,2021-04-12,risk_on_strong,low_stress,21466.262861289077,0.0816,0.0651,,0.0165,0.0165,0.0165,0.0816,0.1967,,0.2627,,,,0.2627
2021-04-16,2021-04-19,risk_on_strong,low_stress,21722.069789987487,0.0607,0.0375,,0.0232,0.0232,0.0232,0.0607,0.1954,,0.2881,,,,0.2881
2021-04-23,2021-04-26,risk_on_strong,low_stress,21806.14463398758,0.063,0.0325,,0.2927,0.0305,0.0305,0.063,0.1951,,,,,,0.2927
2021-04-30,2021-05-03,risk_on_strong,low_stress,21741.09819637925,0.0333,0.0333,,0.3,,,0.0333,,,,,,0.3,0.3
2021-05-07,2021-05-10,risk_on_strong,low_stress,22028.763381912693,0.063,0.0325,,0.2927,0.0305,0.0305,0.063,0.1951,,,,,,0.2927
2021-05-14,2021-05-17,risk_on_strong,low_stress,22047.09648486535,0.063,0.0325,,0.2927,0.0305,0.0305,0.063,0.1951,,,,,,0.2927
2021-05-21,2021-05-24,risk_on_strong,low_stress,22007.546868526035,0.063,0.0325,,0.2927,0.0305,0.0305,0.063,0.1951,,,,,,0.2927
2021-05-28,2021-06-01,risk_on_strong,low_stress,22065.186352891997,0.056,0.0,,0.296,0.056,0.056,0.056,0.192,,,,,,0.288
2021-06-04,2021-06-07,risk_on_strong,low_stress,22199.585606544264,0.05,0.0,,0.05,0.3,0.05,0.05,,0.2,,,,,0.3
2021-06-11,2021-06-14,risk_on_strong,low_stress,22095.50569243222,0.0698,0.0,,0.0698,0.0698,0.0698,0.0698,0.186,0.186,,,,,0.2791
2021-06-18,2021-06-21,risk_on_strong,low_stress,21693.540737512663,0.0698,0.0,,0.0698,0.0698,0.0698,0.0698,0.186,0.186,0.2791,,,,
2021-06-25,2021-06-28,risk_on_strong,low_stress,22007.953098580034,0.0805,0.0,,0.0805,0.0805,0.0805,0.0805,0.1839,0.1839,,,0.2299,,
2021-07-02,2021-07-06,risk_on_strong,low_stress,22368.829159308134,0.0909,0.0,,0.0909,0.0909,0.0909,0.0909,0.1818,0.1818,,0.1818,,,
2021-07-09,2021-07-12,risk_on_strong,low_stress,22381.431417788084,0.0909,0.0,,0.0909,0.0909,0.0909,0.0909,0.1818,0.1818,,0.1818,,,
2021-07-16,2021-07-19,risk_on_strong,low_stress,21923.905162706855,0.0909,0.0,,0.0909,0.0909,0.0909,0.0909,0.1818,0.1818,,0.1818,,,
2021-07-23,2021-07-26,risk_on_strong,low_stress,22641.092832331422,0.0909,0.0,,0.0909,0.0909,0.0909,0.0909,0.1818,0.1818,,0.1818,,,
2021-07-30,2021-08-02,risk_on_strong,low_stress,22533.07956819945,0.0698,0.0,,0.0698,0.0698,0.0698,0.0698,0.186,0.186,0.2791,,,,
2021-08-06,2021-08-09,risk_on_strong,low_stress,22822.496370956527,0.0909,0.0,,0.0909,0.0909,0.0909,0.0909,0.1818,0.1818,,0.1818,,,
2021-08-13,2021-08-16,risk_on_strong,low_stress,23043.312301749454,0.0909,0.0,,0.0909,0.0909,0.0909,0.0909,0.1818,0.1818,,0.1818,,,
2021-08-20,2021-08-23,risk_on_strong,low_stress,23224.33708395886,0.0909,0.0,,0.0909,0.0909,0.0909,0.0909,0.1818,0.1818,,0.1818,,,
2021-08-27,2021-08-30,risk_on_strong,low_stress,23330.082110047486,0.0909,0.0,,0.0909,0.0909,0.0909,0.0909,0.1818,0.1818,,0.1818,,,
2021-09-03,2021-09-07,risk_on_strong,low_stress,23401.536286797826,0.0909,0.0,,0.0909,0.0909,0.0909,0.0909,0.1818,0.1818,,0.1818,,,
2021-09-10,2021-09-13,risk_on_strong,low_stress,23018.91514393852,0.0909,0.0,,0.0909,0.0909,0.0909,0.0909,0.1818,0.1818,,0.1818,,,
2021-09-17,2021-09-20,risk_on_strong,low_stress,22821.513931773774,0.0909,0.0,,0.0909,0.0909,0.0909,0.0909,0.1818,0.1818,,0.1818,,,
2021-09-24,2021-09-27,risk_on_strong,low_stress,23326.915183671837,0.0909,0.0,,0.0909,0.0909,0.0909,0.0909,0.1818,0.1818,,0.1818,,,
2021-10-01,2021-10-04,risk_on_strong,low_stress,22849.9446222001,0.056,0.0,,0.056,0.296,0.056,0.056,0.192,,,,,,0.288
2021-10-08,2021-10-11,risk_on_normal,low_stress,23434.153571910843,0.056,0.0,,0.056,0.296,0.056,0.056,0.192,,,,,,0.288
2021-10-15,2021-10-18,risk_on_strong,low_stress,24052.026212596356,0.0794,0.0317,,0.0476,0.0476,0.0476,0.0794,0.1905,0.1905,,,,,0.2857
2021-10-22,2021-10-25,risk_on_strong,low_stress,24455.05211627375,0.0794,0.0317,,0.0476,0.0476,0.0476,0.0794,0.1905,0.1905,,,,,0.2857
2021-10-29,2021-11-01,risk_on_strong,low_stress,25220.69512380594,0.0794,0.0317,,0.0476,0.0476,0.0476,0.0794,0.1905,0.1905,,,,,0.2857
2021-11-05,2021-11-08,risk_on_strong,low_stress,26042.244094052585,0.0698,0.0,,0.0698,0.0698,0.0698,0.0698,0.186,0.186,0.2791,,,,
2021-11-12,2021-11-15,risk_on_strong,low_stress,25941.017796256227,0.0698,0.0,,0.0698,0.0698,0.0698,0.0698,0.186,0.186,,,,0.2791,
2021-11-19,2021-11-22,risk_on_strong,low_stress,26297.29295480605,0.0698,0.0,,0.0698,0.0698,0.0698,0.0698,0.186,0.186,0.2791,,,,
2021-11-26,2021-11-29,risk_on_strong,low_stress,25827.31734441086,0.0683,0.0321,,0.0361,0.0361,0.0361,0.0683,0.1928,,0.2892,,0.241,,
2021-12-03,2021-12-06,risk_on_strong,low_stress,25060.1959838098,0.0794,0.0317,,0.0476,0.0476,0.0476,0.0794,0.1905,,0.2857,0.1905,,,
2021-12-10,2021-12-13,risk_on_strong,low_stress,26139.10473808796,0.0889,0.0497,,0.0392,0.0392,0.0392,0.0889,0.1922,,0.2705,0.1922,,,
2021-12-17,2021-12-20,risk_on_strong,low_stress,25579.72907511468,0.0996,0.0699,,0.0297,0.0297,0.0297,0.0996,0.1941,,0.2535,0.1941,,,
2021-12-23,2021-12-27,risk_on_strong,low_stress,26375.39731602668,0.1084,0.0864,,0.022,0.022,0.022,0.1084,0.1956,,0.2396,0.1956,,,
2021-12-31,2022-01-03,risk_on_strong,low_stress,26115.1991315464,0.1131,0.0953,,0.0178,0.0178,0.0178,0.1131,0.1964,,0.2321,0.1964,,,
2022-01-07,2022-01-10,risk_on_strong,low_stress,25090.967783993834,0.1085,0.1005,,0.2381,0.0079,0.0079,0.1085,,,0.2301,0.1984,,,
2022-01-14,2022-01-18,risk_on_strong,low_stress,25112.917252598098,0.1053,0.0963,,0.243,0.009,0.009,0.1053,,,0.234,0.1982,,,
2022-01-21,2022-01-24,defensive,low_stress,24382.210096941966,0.3,0.3,,0.0333,0.0333,0.0333,0.3,,,,,,,
2022-01-28,2022-01-31,mixed,low_stress,24137.48022989727,0.3,0.3,,0.0333,0.0333,0.0333,0.3,,,,,,,
2022-02-04,2022-02-07,mixed,low_stress,24072.8227649338,0.3,0.3,,0.0333,0.0333,0.0333,0.3,,,,,,,
2022-02-11,2022-02-14,defensive,low_stress,24162.938750750178,0.3,0.3,,0.0333,0.0333,0.0333,0.3,,,,,,,
2022-02-18,2022-02-22,defensive,low_stress,24301.23445477514,0.3,0.3,,0.0333,0.0333,0.0333,0.3,,,,,,,
2022-02-25,2022-02-28,defensive,low_stress,24294.309667950965,0.3,0.3,,0.0333,0.0333,0.0333,0.3,,,,,,,
2022-03-04,2022-03-07,defensive,low_stress,24564.603009091403,0.3,0.3,,0.0333,0.0333,0.0333,0.3,,,,,,,
2022-03-11,2022-03-14,crash_risk,low_stress,24367.46926061439,0.3,0.3,,0.0333,0.0333,0.0333,0.3,,,,,,,
2022-03-18,2022-03-21,mixed,low_stress,24404.69695233379,0.3,0.3,,0.0333,0.0333,0.0333,0.3,,,,,,,
2022-03-25,2022-03-28,mixed,low_stress,24382.943125526403,0.3,0.3,,0.0333,0.0333,0.0333,0.3,,,,,,,
2022-04-01,2022-04-04,mixed,low_stress,24419.310658211387,0.3,0.3,,0.0333,0.0333,0.0333,0.3,,,,,,,
2022-04-08,2022-04-11,mixed,low_stress,24247.562711986557,0.3,0.3,,0.0333,0.0333,0.0333,0.3,,,,,,,
2022-04-14,2022-04-18,defensive,low_stress,24292.39090624173,0.3,0.3,,0.0333,0.0333,0.0333,0.3,,,,,,,
2022-04-22,2022-04-25,defensive,low_stress,24001.04813435517,0.3,0.3,,0.0333,0.0333,0.0333,0.3,,,,,,,
2022-04-29,2022-05-02,crash_risk,low_stress,23848.056521551738,0.3,0.3,,0.0333,0.0333,0.0333,0.3,,,,,,,
2022-05-06,2022-05-09,crash_risk,low_stress,23844.41983128075,0.3,0.3,,0.0333,0.0333,0.0333,0.3,,,,,,,
2022-05-13,2022-05-16,crash_risk,low_stress,23766.314487514435,0.3,0.3,,0.0333,0.0333,0.0333,0.3,,,,,,,
2022-05-20,2022-05-23,crash_risk,low_stress,23834.711642461712,0.3,0.3,,0.0333,0.0333,0.0333,0.3,,,,,,,
2022-05-27,2022-05-31,crash_risk,low_stress,24055.89166420891,0.3,0.3,,0.0333,0.0333,0.0333,0.3,,,,,,,
2022-06-03,2022-06-06,crash_risk,low_stress,24048.477854919485,0.3,0.3,,0.0333,0.0333,0.0333,0.3,,,,,,,
2022-06-10,2022-06-13,crash_risk,low_stress,23947.16029342536,0.3,0.3,,0.0333,0.0333,0.0333,0.3,,,,,,,
2022-06-17,2022-06-21,crash_risk,low_stress,24054.19980907726,0.3,0.3,,0.0333,0.0333,0.0333,0.3,,,,,,,
2022-06-24,2022-06-27,crash_risk,low_stress,24244.783986148712,0.3,0.3,,0.0333,0.0333,0.0333,0.3,,,,,,,
2022-07-01,2022-07-05,crash_risk,low_stress,24401.691599368154,0.3,0.3,,0.0333,0.0333,0.0333,0.3,,,,,,,
2022-07-08,2022-07-11,crash_risk,low_stress,24141.061594231112,0.3,0.3,,0.0333,0.0333,0.0333,0.3,,,,,,,
2022-07-15,2022-07-18,crash_risk,low_stress,24062.726776645355,0.3,0.3,,0.0333,0.0333,0.0333,0.3,,,,,,,
2022-07-22,2022-07-25,defensive,low_stress,24342.89944498765,0.3,0.3,,0.0333,0.0333,0.0333,0.3,,,,,,,
2022-07-29,2022-08-01,defensive,low_stress,24716.944435401096,0.3,0.3,,0.0333,0.0333,0.0333,0.3,,,,,,,
2022-08-05,2022-08-08,mixed,low_stress,24544.425534093338,0.3,0.3,,0.0333,0.0333,0.0333,0.3,,,,,,,
2022-08-12,2022-08-15,mixed,low_stress,24627.502158550524,0.3,0.3,,0.0333,0.0333,0.0333,0.3,,,,,,,
2022-08-19,2022-08-22,mixed,low_stress,24369.03984400857,0.3,0.3,,0.0333,0.0333,0.0333,0.3,,,,,,,
2022-08-26,2022-08-29,mixed,low_stress,24328.87181894586,0.3,0.3,,0.0333,0.0333,0.0333,0.3,,,,,,,
2022-09-02,2022-09-06,defensive,low_stress,24111.19016835224,0.3,0.3,,0.0333,0.0333,0.0333,0.3,,,,,,,
2022-09-09,2022-09-12,mixed,low_stress,24279.22385735811,0.3,0.3,,0.0333,0.0333,0.0333,0.3,,,,,,,
2022-09-16,2022-09-19,mixed,low_stress,23854.619505574537,0.3,0.3,,0.0333,0.0333,0.0333,0.3,,,,,,,
2022-09-23,2022-09-26,crash_risk,low_stress,23468.552090445985,0.3,0.3,,0.0333,0.0333,0.0333,0.3,,,,,,,
2022-09-30,2022-10-03,crash_risk,low_stress,23668.32843194027,0.3,0.3,,0.0333,0.0333,0.0333,0.3,,,,,,,
2022-10-07,2022-10-10,crash_risk,low_stress,23474.47832038728,0.3,0.3,,0.0333,0.0333,0.0333,0.3,,,,,,,
2022-10-14,2022-10-17,crash_risk,low_stress,23315.429864384263,0.3,0.3,,0.0333,0.0333,0.0333,0.3,,,,,,,
2022-10-21,2022-10-24,crash_risk,low_stress,23308.369749356414,0.3,0.3,,0.0333,0.0333,0.0333,0.3,,,,,,,
2022-10-28,2022-10-31,defensive,low_stress,23517.274748788284,0.3,0.3,,0.0333,0.0333,0.0333,0.3,,,,,,,
2022-11-04,2022-11-07,crash_risk,low_stress,23608.49881272256,0.3,0.3,,0.0333,0.0333,0.0333,0.3,,,,,,,
2022-11-11,2022-11-14,crash_risk,low_stress,24338.04340907206,0.3,0.3,,0.0333,0.0333,0.0333,0.3,,,,,,,
2022-11-18,2022-11-21,defensive,low_stress,24287.8285982457,0.3,0.3,,0.0333,0.0333,0.0333,0.3,,,,,,,
2022-11-25,2022-11-28,defensive,low_stress,24480.42074070935,0.3,0.3,,0.0333,0.0333,0.0333,0.3,,,,,,,
2022-12-02,2022-12-05,mixed,low_stress,24944.74790998132,0.3,0.3,,0.0333,0.0333,0.0333,0.3,,,,,,,
2022-12-09,2022-12-12,defensive,low_stress,25050.55259312308,0.3,0.3,,0.0333,0.0333,0.0333,0.3,,,,,,,
2022-12-16,2022-12-19,defensive,low_stress,25140.312492967958,0.3,0.3,,0.0333,0.0333,0.0333,0.3,,,,,,,
2022-12-23,2022-12-27,mixed,low_stress,25131.72312584486,0.3,0.3,,0.0333,0.0333,0.0333,0.3,,,,,,,
2022-12-30,2023-01-03,mixed,low_stress,25151.251210051254,0.3,0.3,,0.0333,0.0333,0.0333,0.3,,,,,,,
2023-01-06,2023-01-09,mixed,low_stress,25482.88836065397,0.3,0.3,,0.0333,0.0333,0.0333,0.3,,,,,,,
2023-01-13,2023-01-17,risk_on_normal,low_stress,25719.105238172986,0.0268,0.0,,0.3,0.0268,0.0268,0.0268,,,,,,0.2965,0.2965
2023-01-20,2023-01-23,risk_on_normal,low_stress,25487.356676054205,0.0268,0.0,,0.3,0.0268,0.0268,0.0268,,,,,,0.2965,0.2965
2023-01-27,2023-01-30,risk_on_strong,low_stress,25750.204937026254,0.0361,0.0,,0.0361,0.0361,0.0361,0.0361,,,0.2892,,0.241,,0.2892
2023-02-03,2023-02-06,risk_on_strong,low_stress,26599.020396758162,0.0588,0.0,,0.0588,0.0588,0.0588,0.0588,0.1882,,0.2824,,0.2353,,
2023-02-10,2023-02-13,risk_on_strong,low_stress,26680.645077072644,0.0683,0.0321,,0.0361,0.0361,0.0361,0.0683,0.1928,,0.2892,,0.241,,
2023-02-17,2023-02-21,risk_on_strong,low_stress,26132.367490117977,0.0569,0.0325,,0.0244,0.0244,0.0244,0.0569,0.1951,,0.2927,,,0.2927,
2023-02-24,2023-02-27,risk_on_normal,low_stress,25994.289558469885,0.0462,0.0341,,0.012,0.012,0.012,0.0462,,,0.2952,,0.247,0.2952,
2023-03-03,2023-03-06,risk_on_normal,low_stress,26471.75002263205,0.0529,0.0431,,0.0099,0.0099,0.0099,0.0529,,,0.287,,0.2475,0.287,
2023-03-10,2023-03-13,defensive,low_stress,25421.953006351923,0.3,0.3,,0.0333,0.0333,0.0333,0.3,,,,,,,
2023-03-17,2023-03-20,risk_on_normal,low_stress,25730.99244160308,0.0868,0.0457,,0.0411,0.0411,0.0411,0.0868,0.1918,,0.2739,0.1918,,,
2023-03-24,2023-03-27,risk_on_strong,low_stress,26121.33767349597,0.0867,0.0456,,0.0411,0.0411,0.0411,0.0867,0.1918,,0.2741,0.1918,,,
2023-03-31,2023-04-03,risk_on_strong,low_stress,26945.84600050551,0.0753,0.0454,,0.0298,0.0298,0.0298,0.0753,,,0.278,0.194,0.2425,,
2023-04-06,2023-04-10,risk_on_strong,low_stress,26803.112022004785,0.0839,0.0403,,0.0436,0.0436,0.0436,0.0839,0.1913,,0.2785,0.1913,,,
2023-04-14,2023-04-17,risk_on_strong,low_stress,26857.059460966222,0.0824,0.0375,,0.0449,0.0449,0.0449,0.0824,0.191,,0.2808,0.191,,,
2023-04-21,2023-04-24,risk_on_strong,low_stress,26695.880573657563,0.0794,0.0317,,0.0476,0.0476,0.0476,0.0794,0.1905,,0.2857,0.1905,,,
2023-04-28,2023-05-01,risk_on_strong,low_stress,27493.774248447662,0.0794,0.0317,,0.0476,0.0476,0.0476,0.0794,0.1905,,0.2857,0.1905,,,
2023-05-05,2023-05-08,risk_on_strong,low_stress,27752.3953746234,0.0794,0.0317,,0.0476,0.0476,0.0476,0.0794,0.1905,,0.2857,0.1905,,,
2023-05-12,2023-05-15,risk_on_strong,low_stress,27697.983401852405,0.1008,0.031,,0.0698,0.0698,0.0698,0.1008,0.186,0.186,,0.186,,,
2023-05-19,2023-05-22,risk_on_strong,low_stress,28289.286871257296,0.1008,0.031,,0.0698,0.0698,0.0698,0.1008,0.186,0.186,,0.186,,,
2023-05-26,2023-05-30,risk_on_strong,low_stress,29690.59275117905,0.0938,0.0589,,0.0349,0.0349,0.0349,0.0938,0.193,,0.2628,0.193,,,
2023-06-02,2023-06-05,risk_on_strong,low_stress,29954.41208409778,0.0932,0.0796,,0.0136,0.0136,0.0136,0.0932,0.1973,,0.2492,,0.2466,,
2023-06-09,2023-06-12,risk_on_strong,low_stress,29776.83682298716,0.104,0.0947,,0.0093,0.0093,0.0093,0.104,0.1981,,0.2355,,0.2355,,
2023-06-16,2023-06-20,risk_on_strong,low_stress,30253.10033623162,0.111,0.1039,,0.0071,0.0071,0.0071,0.111,0.1986,,0.2271,,0.2271,,
2023-06-23,2023-06-26,risk_on_strong,low_stress,29948.24804260561,0.1216,0.1112,,0.0104,0.0104,0.0104,0.1216,0.1979,,,0.1979,0.2187,,
2023-06-30,2023-07-03,risk_on_strong,low_stress,30624.021833160226,0.1235,0.1149,,0.0086,0.0086,0.0086,0.1235,0.1983,,0.2156,0.1983,,,
2023-07-07,2023-07-10,risk_on_strong,low_stress,30392.695610197316,0.1024,0.0708,,0.0316,0.0316,0.0316,0.1024,0.1937,,,0.1937,0.2421,,
2023-07-14,2023-07-17,risk_on_strong,low_stress,31068.107560795874,0.0734,0.0418,,0.0315,0.0315,0.0315,0.0734,0.1937,,0.281,,0.2421,,
2023-07-21,2023-07-24,risk_on_strong,low_stress,30812.89197673889,0.0683,0.0321,,0.0361,0.0361,0.0361,0.0683,0.1928,,0.2892,,0.241,,
2023-07-28,2023-07-31,risk_on_strong,low_stress,30915.694990905533,0.0683,0.0321,,0.0361,0.0361,0.0361,0.0683,,,0.2892,0.1928,0.241,,
2023-08-04,2023-08-07,risk_on_strong,low_stress,29782.990396237423,0.0453,0.0329,,0.0123,0.0123,0.0123,0.0453,,,0.2963,,0.2469,0.2963,
2023-08-11,2023-08-14,risk_on_strong,low_stress,29179.089471089017,0.0453,0.0329,,0.0123,0.0123,0.0123,0.0453,,,0.2963,,0.2469,0.2963,
2023-08-18,2023-08-21,risk_on_strong,low_stress,28394.305507349425,0.0453,0.0329,,0.0123,0.0123,0.0123,0.0453,,,0.2963,,0.2469,0.2963,
2023-08-25,2023-08-28,risk_on_strong,low_stress,28383.69455187124,0.063,0.0325,,0.2927,0.0305,0.0305,0.063,,0.1951,,,,,0.2927
2023-09-01,2023-09-05,risk_on_strong,low_stress,28899.070696972,0.0583,0.0333,,0.025,0.3,0.025,0.0583,,0.2,,,,,0.3
2023-09-08,2023-09-11,risk_on_strong,low_stress,28467.325844022896,0.0708,0.0333,,0.0375,0.3,0.0375,0.0708,,0.2,,,0.25,,
2023-09-15,2023-09-18,risk_on_strong,low_stress,27987.071780718925,0.063,0.0325,,0.2927,0.0305,0.0305,0.063,,0.1951,,,,,0.2927
2023-09-22,2023-09-25,risk_on_normal,low_stress,27125.32532207358,0.0773,0.0321,,0.2892,0.0452,0.0452,0.0773,,0.1928,,,0.241,,
2023-09-29,2023-10-02,risk_on_normal,low_stress,27037.64792543572,0.252,0.2276,,0.0244,0.0244,0.0244,0.252,,0.1951,,,,,
2023-10-06,2023-10-09,risk_on_normal,low_stress,27141.806704435185,0.252,0.2276,,0.0244,0.0244,0.0244,0.252,,0.1951,,,,,
2023-10-13,2023-10-16,risk_on_normal,low_stress,27384.170708500493,0.3,0.3,,0.0333,0.0333,0.0333,0.3,,,,,,,
2023-10-20,2023-10-23,risk_on_normal,low_stress,27452.426983545887,0.3,0.3,,0.0333,0.0333,0.0333,0.3,,,,,,,
2023-10-27,2023-10-30,defensive,low_stress,27571.520063189168,0.3,0.3,,0.0333,0.0333,0.0333,0.3,,,,,,,
2023-11-03,2023-11-06,risk_on_normal,low_stress,27866.834058770422,0.0698,0.0,,0.0698,0.0698,0.0698,0.0698,0.186,0.186,0.2791,,,,
2023-11-10,2023-11-13,risk_on_normal,low_stress,28661.065144810113,0.0698,0.0,,0.0698,0.0698,0.0698,0.0698,0.186,0.186,0.2791,,,,
2023-11-17,2023-11-20,risk_on_strong,low_stress,29133.543873845632,0.0698,0.0,,0.0698,0.0698,0.0698,0.0698,0.186,0.186,0.2791,,,,
2023-11-24,2023-11-27,risk_on_strong,low_stress,28839.57730107314,0.0588,0.0,,0.0588,0.0588,0.0588,0.0588,0.1882,,0.2824,,0.2353,,
2023-12-01,2023-12-04,risk_on_strong,low_stress,28925.951670292845,0.0476,0.0,,0.0476,0.0476,0.0476,0.0476,0.1905,,0.2857,,,,0.2857
2023-12-08,2023-12-11,risk_on_strong,low_stress,29141.46760231264,0.0698,0.0,,0.0698,0.0698,0.0698,0.0698,0.186,,0.2791,0.186,,,
2023-12-15,2023-12-18,risk_on_strong,low_stress,29514.10768022261,0.0698,0.0,,0.0698,0.0698,0.0698,0.0698,0.186,0.186,0.2791,,,,
2023-12-22,2023-12-26,risk_on_strong,low_stress,29461.812078893858,0.0698,0.0,,0.0698,0.0698,0.0698,0.0698,0.186,0.186,0.2791,,,,
2023-12-29,2024-01-02,risk_on_strong,low_stress,29478.23411014552,0.0476,0.0,,0.0476,0.0476,0.0476,0.0476,0.1905,,0.2857,,,0.2857,
2024-01-05,2024-01-08,risk_on_strong,low_stress,28954.704150191024,0.0476,0.0,,0.0476,0.0476,0.0476,0.0476,0.1905,,,,,0.2857,0.2857
2024-01-12,2024-01-16,risk_on_strong,low_stress,28949.089394464918,0.0698,0.0,,0.0698,0.0698,0.0698,0.0698,0.186,0.186,0.2791,,,,
2024-01-19,2024-01-22,risk_on_strong,low_stress,29779.5803664073,0.0698,0.0,,0.0698,0.0698,0.0698,0.0698,0.186,0.186,0.2791,,,,
2024-01-26,2024-01-29,risk_on_strong,low_stress,30079.565966575334,0.05,0.0,,0.05,0.3,0.05,0.05,,0.2,0.3,,,,
2024-02-02,2024-02-05,risk_on_strong,low_stress,30590.828989147845,0.05,0.0,,0.05,0.3,0.05,0.05,,0.2,0.3,,,,
2024-02-09,2024-02-12,risk_on_strong,low_stress,31359.936080088395,0.0583,0.0333,,0.025,0.3,0.025,0.0583,,0.2,,,,0.3,
2024-02-16,2024-02-20,risk_on_strong,low_stress,31317.673803572783,0.0583,0.0333,,0.025,0.3,0.025,0.0583,,0.2,,,,0.3,
2024-02-23,2024-02-26,risk_on_strong,low_stress,32512.9175244949,0.0658,0.0658,,,0.2675,,0.0658,,,,,,0.2675,0.2675
2024-03-01,2024-03-04,risk_on_strong,low_stress,33103.20958141737,0.0882,0.0882,,,0.2451,,0.0882,,,,,0.2451,0.2451,
2024-03-08,2024-03-11,risk_on_strong,low_stress,33073.82620339241,0.1022,0.1022,,,0.2311,,0.1022,,,,,0.2311,,0.2311
2024-03-15,2024-03-18,risk_on_strong,low_stress,32890.46741176947,0.1147,0.1088,,0.0059,0.2285,0.0059,0.1147,0.1988,,,,,,0.2226
2024-03-22,2024-03-25,risk_on_strong,low_stress,33426.84236558954,0.1128,0.1063,,0.0065,0.2314,0.0065,0.1128,0.1987,,,,,,0.2249
2024-03-28,2024-04-01,risk_on_strong,low_stress,33617.09083244091,0.1087,0.1008,,0.0079,0.2377,0.0079,0.1087,0.1984,,,,,,0.2299
2024-04-05,2024-04-08,risk_on_strong,low_stress,33664.83450789744,0.0793,0.0621,,0.0172,0.2828,0.0172,0.0793,0.1966,,0.2655,,,,
2024-04-12,2024-04-15,risk_on_strong,low_stress,33373.11580445775,0.0709,0.0361,,0.2929,0.2992,0.0348,0.0709,0.1953,,,,,,
2024-04-19,2024-04-22,risk_on_normal,low_stress,32553.788402966657,0.0333,0.0333,,0.3,0.3,,0.0333,,,,,,,0.3
2024-04-26,2024-04-29,risk_on_strong,low_stress,32953.92767058336,0.0333,0.0333,,0.3,0.3,,0.0333,,,,,,,0.3
2024-05-03,2024-05-06,risk_on_strong,low_stress,32926.418563162406,0.0333,0.0333,,0.3,,,0.0333,,,,,,0.3,0.3
2024-05-10,2024-05-13,risk_on_strong,low_stress,33176.10803304516,0.0333,0.0,,0.3,0.3,0.0333,0.0333,,,,,,,0.3
2024-05-17,2024-05-20,risk_on_strong,low_stress,33795.068179814385,0.0333,0.0,,0.3,0.3,0.0333,0.0333,,,,,,,0.3
2024-05-24,2024-05-28,risk_on_strong,low_stress,33702.34150453935,0.056,0.0,,0.056,0.296,0.056,0.056,0.192,,0.288,,,,
2024-05-31,2024-06-03,risk_on_strong,low_stress,32892.35340922027,0.056,0.0,,0.296,0.056,0.056,0.056,,,,0.192,,,0.288
2024-06-07,2024-06-10,risk_on_strong,low_stress,33082.72488059663,0.0805,0.0,,0.0805,0.0805,0.0805,0.0805,0.1839,,,0.1839,0.2299,,
2024-06-14,2024-06-17,risk_on_strong,low_stress,34232.70959749712,0.0588,0.0,,0.0588,0.0588,0.0588,0.0588,,,0.2824,0.1882,0.2353,,
2024-06-21,2024-06-24,risk_on_strong,low_stress,33759.97260594902,0.0588,0.0,,0.0588,0.0588,0.0588,0.0588,,,0.2824,0.1882,0.2353,,
2024-06-28,2024-07-01,risk_on_strong,low_stress,34089.32339909262,0.0588,0.0,,0.0588,0.0588,0.0588,0.0588,,,0.2824,0.1882,0.2353,,
2024-07-05,2024-07-08,risk_on_strong,low_stress,34954.086804801205,0.0588,0.0,,0.0588,0.0588,0.0588,0.0588,,,0.2824,0.1882,0.2353,,
2024-07-12,2024-07-15,risk_on_strong,low_stress,35070.97759663737,0.0588,0.0,,0.0588,0.0588,0.0588,0.0588,,,0.2824,0.1882,0.2353,,
2024-07-19,2024-07-22,risk_on_strong,low_stress,33710.335037164245,0.0588,0.0,,0.0588,0.0588,0.0588,0.0588,,,0.2824,0.1882,0.2353,,
2024-07-26,2024-07-29,risk_on_strong,low_stress,32687.602946123447,0.0569,0.0325,,0.0244,0.0244,0.0244,0.0569,,,0.2927,0.1951,,0.2927,
2024-08-02,2024-08-05,risk_on_strong,low_stress,31716.104937433087,0.0718,0.0521,,0.2941,0.0197,0.0197,0.0718,,,,0.1961,,,0.2747
2024-08-09,2024-08-12,risk_on_strong,low_stress,32562.019075539913,0.0907,0.0748,,0.2691,0.0159,0.0159,0.0907,,,,0.1968,0.246,,
2024-08-16,2024-08-19,risk_on_strong,low_stress,33664.79575470177,0.1016,0.0915,,0.2486,0.0101,0.0101,0.1016,,,,0.198,0.2385,,
2024-08-23,2024-08-26,risk_on_strong,low_stress,33718.562436094,0.1067,0.0982,,0.0085,0.0085,0.0085,0.1067,,,,0.1983,,0.2323,0.2323
2024-08-30,2024-09-03,risk_on_strong,low_stress,33927.09026117769,0.0997,0.089,,0.0107,0.0107,0.0107,0.0997,,,,0.1979,,0.2408,0.2408
2024-09-06,2024-09-09,risk_on_normal,low_stress,33481.65699396661,0.0908,0.0772,,0.0136,0.0136,0.0136,0.0908,,,,0.1973,,0.2516,0.2516
2024-09-13,2024-09-16,risk_on_normal,low_stress,33922.63289746082,0.067,0.0458,,0.0212,0.0212,0.0212,0.067,,,,0.1958,,0.2805,0.2805
2024-09-20,2024-09-23,risk_on_strong,low_stress,34620.51219301418,0.0569,0.0325,,0.0244,0.0244,0.0244,0.0569,,,,0.1951,,0.2927,0.2927
2024-09-27,2024-09-30,risk_on_strong,low_stress,34631.18577763235,0.0569,0.0325,,0.0244,0.0244,0.0244,0.0569,,,,0.1951,,0.2927,0.2927
2024-10-04,2024-10-07,risk_on_normal,low_stress,34418.59994112114,0.0268,0.0,,0.3,0.0268,0.0268,0.0268,,,,,,0.2965,0.2965
2024-10-11,2024-10-14,risk_on_normal,low_stress,35162.411988539454,0.0333,0.0,,0.3,0.3,0.0333,0.0333,,,,,,,0.3
2024-10-18,2024-10-21,risk_on_strong,low_stress,35404.57830534345,0.0333,0.0,,0.3,0.3,0.0333,0.0333,,,,,,,0.3
2024-10-25,2024-10-28,risk_on_strong,low_stress,34984.396912945675,0.0375,0.0,,0.0375,0.3,0.0375,0.0375,,,0.3,,0.25,,
2024-11-01,2024-11-04,risk_on_strong,low_stress,34248.47828862195,0.025,0.0,,0.025,0.3,0.025,0.025,,,0.3,,,,0.3
2024-11-08,2024-11-11,risk_on_strong,low_stress,36190.6935680106,0.0333,0.0333,,,0.3,,0.0333,,,,,,0.3,0.3
2024-11-15,2024-11-18,risk_on_strong,low_stress,35286.86903173897,0.0333,0.0333,,,0.3,,0.0333,,,,,,0.3,0.3
2024-11-22,2024-11-25,risk_on_strong,low_stress,36209.54009283081,0.0421,0.0421,,,0.2913,,0.0421,,,,,,0.2913,0.2913
2024-11-29,2024-12-02,risk_on_strong,low_stress,36375.682585363604,0.0515,0.0515,,,0.2818,,0.0515,,,,,,0.2818,0.2818
2024-12-06,2024-12-09,risk_on_strong,low_stress,36287.28943839492,0.0738,0.0548,,0.019,0.2912,0.019,0.0738,,0.1962,,,,0.2722,
2024-12-13,2024-12-16,risk_on_strong,low_stress,35839.32618554804,0.0902,0.0314,,0.0588,0.0588,0.0588,0.0902,,0.1882,,0.1882,0.2353,,
2024-12-20,2024-12-23,risk_on_strong,low_stress,35551.34656679507,0.0794,0.0317,,0.0476,0.0476,0.0476,0.0794,,0.1905,,0.1905,,,0.2857
2024-12-27,2024-12-30,risk_on_strong,low_stress,35515.435433478015,0.0794,0.0317,,0.0476,0.0476,0.0476,0.0794,,0.1905,,0.1905,,,0.2857
2025-01-03,2025-01-06,risk_on_strong,low_stress,35763.33681645754,0.0794,0.0317,,0.0476,0.0476,0.0476,0.0794,,0.1905,,0.1905,,,0.2857
2025-01-10,2025-01-13,risk_on_strong,low_stress,34601.5770615401,0.0683,0.0321,,0.0361,0.0361,0.0361,0.0683,,,,0.1928,0.241,,0.2892
2025-01-17,2025-01-21,risk_on_strong,low_stress,35436.628997762855,0.0485,0.0371,,0.0114,0.3,0.0114,0.0485,,,,,0.2486,,0.2943
2025-01-24,2025-01-27,risk_on_strong,low_stress,35684.42756629979,0.0542,0.0448,,0.0094,0.2949,0.0094,0.0542,,,,,0.2476,,0.2854
2025-01-31,2025-02-03,risk_on_strong,low_stress,36134.499601243704,0.0518,0.0416,,0.0102,0.2986,0.0102,0.0518,,,,,0.2474,,0.2883
2025-02-07,2025-02-10,risk_on_strong,low_stress,36653.5962063677,0.0466,0.0344,,0.0122,0.3,0.0122,0.0466,,,,,0.2496,,0.2985
2025-02-14,2025-02-18,risk_on_strong,low_stress,36920.97439458195,0.0744,0.0322,,0.0422,0.3,0.0422,0.0744,,,,0.1931,0.2414,,
2025-02-21,2025-02-24,risk_on_strong,low_stress,36255.67535377291,0.0744,0.0322,,0.0422,0.3,0.0422,0.0744,,,,0.1931,0.2414,,
2025-02-28,2025-03-03,risk_on_normal,low_stress,35876.1976247292,0.056,0.0,,0.056,0.296,0.056,0.056,,,,0.192,,,0.288
2025-03-07,2025-03-10,mixed,low_stress,34801.76472658601,0.3,0.3,,0.0333,0.0333,0.0333,0.3,,,,,,,
2025-03-14,2025-03-17,defensive,low_stress,35109.02431993331,0.3,0.3,,0.0333,0.0333,0.0333,0.3,,,,,,,
2025-03-21,2025-03-24,defensive,low_stress,35248.499837186755,0.3,0.3,,0.0333,0.0333,0.0333,0.3,,,,,,,
2025-03-28,2025-03-31,defensive,low_stress,35505.895757966,0.3,0.3,,0.0333,0.0333,0.0333,0.3,,,,,,,
2025-04-04,2025-04-07,crash_risk,low_stress,35065.8073639474,0.3,0.3,,0.0333,0.0333,0.0333,0.3,,,,,,,
2025-04-11,2025-04-14,crash_risk,low_stress,35945.17928247132,0.3,0.3,,0.0333,0.0333,0.0333,0.3,,,,,,,
2025-04-17,2025-04-21,crash_risk,low_stress,36314.63373723349,0.3,0.3,,0.0333,0.0333,0.0333,0.3,,,,,,,
2025-04-25,2025-04-28,crash_risk,low_stress,36299.94409431251,0.3,0.3,,0.0333,0.0333,0.0333,0.3,,,,,,,
2025-05-02,2025-05-05,crash_risk,low_stress,35924.059622035005,0.3,0.3,,0.0333,0.0333,0.0333,0.3,,,,,,,
2025-05-09,2025-05-12,crash_risk,low_stress,35903.95893616573,0.3,0.3,,0.0333,0.0333,0.0333,0.3,,,,,,,
2025-05-16,2025-05-19,risk_on_normal,low_stress,35840.408724956615,0.1606,0.1301,,0.0305,0.2927,0.0305,0.1606,0.1951,,,,,,
2025-05-23,2025-05-27,risk_on_normal,low_stress,35627.26218341807,0.1606,0.1301,,0.0305,0.2927,0.0305,0.1606,0.1951,,,,,,
2025-05-30,2025-06-02,risk_on_normal,low_stress,35652.49086376684,0.056,0.0,,0.056,0.296,0.056,0.056,0.192,,0.288,,,,
2025-06-06,2025-06-09,risk_on_strong,low_stress,35959.54761128034,0.056,0.0,,0.056,0.296,0.056,0.056,0.192,,0.288,,,,
2025-06-13,2025-06-16,risk_on_strong,low_stress,35977.26212798795,0.056,0.0,,0.056,0.296,0.056,0.056,0.192,,0.288,,,,
2025-06-20,2025-06-23,risk_on_strong,low_stress,35730.86180056246,0.056,0.0,,0.056,0.296,0.056,0.056,0.192,,0.288,,,,
2025-06-27,2025-06-30,risk_on_strong,low_stress,36357.73559015329,0.056,0.0,,0.056,0.296,0.056,0.056,0.192,,0.288,,,,
2025-07-03,2025-07-07,risk_on_strong,low_stress,36514.25489192234,0.0588,0.0,,0.0588,0.0588,0.0588,0.0588,0.1882,,0.2824,,0.2353,,
2025-07-11,2025-07-14,risk_on_strong,low_stress,36623.745478926794,0.0698,0.0,,0.0698,0.0698,0.0698,0.0698,0.186,0.186,0.2791,,,,
2025-07-18,2025-07-21,risk_on_strong,low_stress,37282.14560391648,0.0698,0.0,,0.0698,0.0698,0.0698,0.0698,0.186,0.186,0.2791,,,,
2025-07-25,2025-07-28,risk_on_strong,low_stress,37492.188895599444,0.0698,0.0,,0.0698,0.0698,0.0698,0.0698,0.186,0.186,0.2791,,,,
2025-08-01,2025-08-04,risk_on_strong,low_stress,37187.0372554874,0.0698,0.0,,0.0698,0.0698,0.0698,0.0698,0.186,0.186,0.2791,,,,
2025-08-08,2025-08-11,risk_on_strong,low_stress,37317.99323688888,0.0698,0.0,,0.0698,0.0698,0.0698,0.0698,0.186,0.186,0.2791,,,,
2025-08-15,2025-08-18,risk_on_strong,low_stress,37337.63021449677,0.0698,0.0,,0.0698,0.0698,0.0698,0.0698,0.186,0.186,0.2791,,,,
2025-08-22,2025-08-25,risk_on_strong,low_stress,36940.86239005455,0.0698,0.0,,0.0698,0.0698,0.0698,0.0698,,0.186,,0.186,,0.2791,
2025-08-29,2025-09-02,risk_on_strong,low_stress,37108.27363342741,0.0698,0.0,,0.0698,0.0698,0.0698,0.0698,,0.186,,0.186,,0.2791,
2025-09-05,2025-09-08,risk_on_strong,low_stress,37524.269111306545,0.0698,0.0,,0.0698,0.0698,0.0698,0.0698,,0.186,,0.186,,0.2791,
2025-09-12,2025-09-15,risk_on_strong,low_stress,37929.55288486272,0.0698,0.0,,0.0698,0.0698,0.0698,0.0698,,0.186,,0.186,,0.2791,
2025-09-19,2025-09-22,risk_on_strong,low_stress,38407.07593524853,0.0698,0.0,,0.0698,0.0698,0.0698,0.0698,,0.186,,0.186,,0.2791,
2025-09-26,2025-09-29,risk_on_strong,low_stress,38024.89254240266,0.0698,0.0,,0.0698,0.0698,0.0698,0.0698,,0.186,,0.186,,0.2791,
2025-10-03,2025-10-06,risk_on_strong,low_stress,38597.66577373473,0.0698,0.0,,0.0698,0.0698,0.0698,0.0698,,0.186,,0.186,,0.2791,
2025-10-10,2025-10-13,risk_on_strong,low_stress,37663.386785627314,0.0476,0.0,,0.0476,0.0476,0.0476,0.0476,,,0.2857,0.1905,,0.2857,
2025-10-17,2025-10-20,risk_on_strong,low_stress,37767.26013530963,0.0698,0.0,,0.0698,0.0698,0.0698,0.0698,,0.186,0.2791,0.186,,,
2025-10-24,2025-10-27,risk_on_strong,low_stress,37961.92992989627,0.0476,0.0,,0.0476,0.0476,0.0476,0.0476,,,0.2857,0.1905,,0.2857,
2025-10-31,2025-11-03,risk_on_strong,low_stress,37802.88630823474,0.0698,0.0,,0.0698,0.0698,0.0698,0.0698,,0.186,0.2791,0.186,,,
2025-11-07,2025-11-10,risk_on_strong,low_stress,36536.23356354596,0.0569,0.0325,,0.0244,0.0244,0.0244,0.0569,,,0.2927,0.1951,,0.2927,
2025-11-14,2025-11-17,risk_on_strong,low_stress,35997.90182929048,0.0794,0.0317,,0.0476,0.0476,0.0476,0.0794,,0.1905,0.2857,0.1905,,,
2025-11-21,2025-11-24,risk_on_strong,low_stress,35399.55523364448,0.0683,0.0321,,0.0361,0.0361,0.0361,0.0683,,,0.2892,0.1928,0.241,,
2025-11-28,2025-12-01,risk_on_strong,low_stress,36053.80715175907,0.0683,0.0321,,0.0361,0.0361,0.0361,0.0683,,,0.2892,0.1928,0.241,,
2025-12-05,2025-12-08,risk_on_strong,low_stress,36326.48472989951,0.0683,0.0321,,0.0361,0.0361,0.0361,0.0683,,,0.2892,0.1928,0.241,,
2025-12-12,2025-12-15,risk_on_strong,low_stress,35937.937740900605,0.0569,0.0325,,0.0244,0.0244,0.0244,0.0569,,,0.2927,0.1951,,0.2927,
2025-12-19,2025-12-22,risk_on_strong,low_stress,36121.57615445803,0.0569,0.0325,,0.0244,0.0244,0.0244,0.0569,,,0.2927,0.1951,,0.2927,
2025-12-26,2025-12-29,risk_on_strong,low_stress,36233.38897465278,0.0698,0.0,,0.0698,0.0698,0.0698,0.0698,,0.186,0.2791,0.186,,,
2026-01-02,2026-01-05,risk_on_strong,low_stress,35978.38146496726,0.056,0.0,,0.296,0.056,0.056,0.056,,,,0.192,,,0.288
2026-01-09,2026-01-12,risk_on_strong,low_stress,35831.08397339698,0.0268,0.0,,0.3,0.0268,0.0268,0.0268,,,,,,0.2965,0.2965
2026-01-16,2026-01-20,risk_on_strong,low_stress,35776.76363151975,0.0268,0.0,,0.3,0.0268,0.0268,0.0268,,,,,,0.2965,0.2965
2026-01-23,2026-01-26,risk_on_strong,low_stress,36072.01518049518,0.058,0.0,,0.288,0.058,0.058,0.058,,0.192,,,,0.288,
2026-01-30,2026-02-02,risk_on_normal,low_stress,35942.52618312503,0.0268,0.0,,0.3,0.0268,0.0268,0.0268,,,,,,0.2965,0.2965
2026-02-06,2026-02-09,risk_on_normal,low_stress,36086.07298060203,0.0268,0.0,,0.3,0.0268,0.0268,0.0268,,,,,,0.2965,0.2965
2026-02-13,2026-02-17,risk_on_normal,low_stress,35235.917260723516,0.0333,0.0,,0.3,0.3,0.0333,0.0333,,,,,,0.3,
2026-02-20,2026-02-23,risk_on_strong,low_stress,35586.902502896155,0.0333,0.0333,,0.3,0.3,,0.0333,,,,,,0.3,
2026-02-27,2026-03-02,risk_on_normal,low_stress,35834.83276941233,0.0333,0.0333,,0.3,0.3,,0.0333,,,,,,0.3,
2026-03-06,2026-03-09,risk_on_normal,low_stress,34463.70115386459,0.3,0.3,,0.0333,0.0333,0.0333,0.3,,,,,,,
2026-03-13,2026-03-16,risk_on_normal,low_stress,33994.18015700604,0.3,0.3,,0.0333,0.0333,0.0333,0.3,,,,,,,
2026-03-20,2026-03-23,defensive,low_stress,32678.2064704223,0.3,0.3,,0.0333,0.0333,0.0333,0.3,,,,,,,
2026-03-27,2026-03-30,defensive,low_stress,32784.93080876207,0.3,0.3,,0.0333,0.0333,0.0333,0.3,,,,,,,
2026-04-02,2026-04-06,defensive,low_stress,33316.19333983467,0.3,0.3,,0.0333,0.0333,0.0333,0.3,,,,,,,
2026-04-10,2026-04-13,risk_on_normal,low_stress,33625.65824327048,0.0624,0.0392,,0.0232,0.3,0.0232,0.0624,,0.1982,,,,0.2912,
2026-04-17,2026-04-20,risk_on_strong,low_stress,34853.704146146854,0.0644,0.042,,0.0224,0.3,0.0224,0.0644,,0.1974,0.287,,,,
2026-04-24,2026-04-27,risk_on_strong,low_stress,35661.52595090748,0.071,0.0511,,0.0199,0.2955,0.0199,0.071,,0.196,0.2756,,,,
2026-05-01,2026-05-04,risk_on_strong,low_stress,35254.79779775778,0.0603,0.0528,,0.0075,0.2855,0.0075,0.0603,,,0.278,,0.2481,,
2026-05-08,2026-05-11,risk_on_strong,low_stress,37301.62121043872,0.0662,0.0607,,0.0056,0.2764,0.0056,0.0662,,,0.2708,,0.2486,,
2026-05-15,2026-05-18,risk_on_strong,low_stress,36721.908179297105,0.0885,0.0742,,0.0143,0.2687,0.0143,0.0885,,0.1971,0.2544,,,,
2026-05-22,2026-05-26,risk_on_strong,low_stress,37088.95252401835,0.0859,0.0859,,,0.2475,,0.0859,,,0.2475,,0.2475,,
2026-05-29,2026-06-01,risk_on_strong,low_stress,37571.42336064552,0.0902,0.0902,,,0.2432,,0.0902,,,0.2432,,0.2432,,
2026-06-05,2026-06-08,risk_on_strong,low_stress,35916.42429076557,0.1134,0.107,,0.0064,0.2306,0.0064,0.1134,,,0.2242,0.1987,,,
2026-06-12,2026-06-15,risk_on_strong,low_stress,35857.170230235555,0.1219,0.1219,,,0.2114,,0.1219,,,0.2114,,0.2114,,
2026-06-18,2026-06-22,risk_on_strong,low_stress,35816.881500837415,0.1311,0.1311,,,0.2022,,0.1311,,,0.2022,,0.2022,,
2026-06-26,2026-06-29,risk_on_strong,low_stress,34618.02153053141,0.1398,0.1398,,,0.1935,,0.1398,,,0.1935,,0.1935,,
2026-07-02,2026-07-06,risk_on_strong,low_stress,34044.096131447455,0.1462,0.1462,,,0.1872,,0.1462,,,0.1872,,0.1872,,
